lead_id,pages_viewed,demo_requested,company_size,days_to_first_touch,industry,email_opens,converted
lead_0000,8,no,500,11,software,18,no
lead_0001,17,no,10,19,healthcare,15,no
lead_0002,23,no,1000,9,manufacturing,6,no
lead_0003,22,no,25,16,software,2,yes
lead_0004,6,no,50,12,healthcare,15,no
lead_0005,21,no,25,10,healthcare,9,no
lead_0006,13,no,10,11,software,15,no
lead_0007,18,yes,250,6,healthcare,9,yes
lead_0008,6,yes,10,12,finance,1,no
lead_0009,19,yes,10,27,manufacturing,16,no
lead_0010,8,no,500,16,finance,5,no
lead_0011,9,no,25,13,finance,13,no
lead_0012,20,yes,50,0,software,8,yes
lead_0013,16,no,250,22,manufacturing,14,no
lead_0014,10,no,1000,7,manufacturing,0,no
lead_0015,24,yes,250,18,manufacturing,15,no
lead_0016,13,yes,500,0,finance,10,yes
lead_0017,17,yes,50,22,software,3,no
lead_0018,13,yes,250,3,software,8,yes
lead_0019,19,no,50,26,finance,10,no
lead_0020,20,no,100,14,healthcare,15,no
lead_0021,18,yes,10,21,healthcare,12,no
lead_0022,22,no,100,29,finance,11,yes
lead_0023,8,yes,50,9,retail,2,yes
lead_0024,17,no,250,23,manufacturing,12,no
lead_0025,14,no,500,1,retail,19,no
lead_0026,2,no,100,28,finance,18,no
lead_0027,15,no,100,10,retail,13,no
lead_0028,23,yes,500,1,healthcare,15,no
lead_0029,4,yes,25,23,finance,5,no
lead_0030,14,yes,100,22,software,12,no
lead_0031,12,yes,25,13,software,16,no
lead_0032,13,yes,500,0,manufacturing,5,no
lead_0033,15,no,250,22,software,4,no
lead_0034,9,no,100,5,manufacturing,1,no
lead_0035,4,no,500,10,healthcare,11,no
lead_0036,16,yes,500,26,manufacturing,18,no
lead_0037,6,no,500,16,retail,7,no
lead_0038,13,no,100,2,finance,1,no
lead_0039,21,no,1000,28,software,5,no
lead_0040,8,no,10,27,finance,12,no
lead_0041,1,yes,500,17,retail,15,no
lead_0042,13,yes,250,2,manufacturing,3,yes
lead_0043,25,yes,25,8,healthcare,19,yes
lead_0044,21,yes,25,18,manufacturing,3,no
lead_0045,9,yes,1000,1,retail,11,yes
lead_0046,6,no,50,3,software,8,no
lead_0047,3,no,10,10,retail,14,no
lead_0048,1,yes,25,15,manufacturing,7,no
lead_0049,23,no,100,16,manufacturing,15,no
lead_0050,9,yes,250,7,finance,8,no
lead_0051,8,no,25,6,healthcare,3,no
lead_0052,10,no,500,9,finance,15,no
lead_0053,11,yes,250,2,manufacturing,17,yes
lead_0054,13,no,500,0,retail,12,no
lead_0055,23,no,25,3,finance,17,no
lead_0056,8,no,25,7,healthcare,12,no
lead_0057,13,yes,500,25,retail,9,no
lead_0058,9,yes,1000,16,retail,7,no
lead_0059,9,no,500,17,finance,10,no
lead_0060,4,no,10,16,finance,2,no
lead_0061,19,no,50,16,healthcare,1,no
lead_0062,8,no,1000,14,retail,7,no
lead_0063,2,no,250,30,software,12,no
lead_0064,23,no,100,14,retail,5,no
lead_0065,23,no,10,7,finance,7,no
lead_0066,5,yes,10,19,retail,19,no
lead_0067,7,no,25,27,retail,4,no
lead_0068,15,no,1000,16,finance,18,no
lead_0069,9,no,250,26,software,15,no
lead_0070,20,yes,250,12,healthcare,8,no
lead_0071,1,no,10,1,retail,1,no
lead_0072,2,yes,25,8,healthcare,17,no
lead_0073,7,no,10,5,finance,3,no
lead_0074,24,no,250,24,healthcare,11,no
lead_0075,1,no,25,16,healthcare,4,yes
lead_0076,16,no,50,24,healthcare,17,no
lead_0077,10,yes,500,29,software,16,no
lead_0078,23,no,500,8,retail,15,no
lead_0079,5,yes,25,3,healthcare,10,no
lead_0080,16,yes,250,8,healthcare,8,yes
lead_0081,10,yes,50,21,retail,0,no
lead_0082,18,no,10,9,retail,14,no
lead_0083,2,no,25,10,healthcare,10,no
lead_0084,5,no,50,13,software,1,no
lead_0085,13,no,25,4,manufacturing,14,no
lead_0086,8,yes,500,23,manufacturing,7,no
lead_0087,4,no,250,15,healthcare,10,no
lead_0088,5,no,50,9,finance,17,no
lead_0089,22,yes,10,6,software,14,yes
lead_0090,15,yes,1000,17,finance,4,no
lead_0091,23,no,250,19,software,13,yes
lead_0092,14,yes,50,11,healthcare,0,no
lead_0093,25,no,50,10,software,14,no
lead_0094,5,yes,50,12,finance,4,no
lead_0095,10,yes,50,15,retail,10,yes
lead_0096,24,yes,250,10,finance,8,yes
lead_0097,21,no,10,28,retail,6,no
lead_0098,4,no,25,19,manufacturing,18,no
lead_0099,8,no,50,22,finance,11,no
lead_0100,19,no,50,30,manufacturing,13,no
lead_0101,14,no,500,1,finance,6,no
lead_0102,18,yes,50,30,retail,18,no
lead_0103,3,no,1000,11,software,7,no
lead_0104,8,yes,10,28,retail,12,no
lead_0105,20,no,10,1,retail,13,no
lead_0106,22,yes,1000,25,healthcare,1,no
lead_0107,5,no,10,11,software,3,no
lead_0108,5,no,500,18,software,2,no
lead_0109,20,no,50,18,software,11,no
lead_0110,19,yes,1000,18,manufacturing,13,yes
lead_0111,22,no,1000,19,software,4,no
lead_0112,7,no,10,4,software,20,no
lead_0113,25,no,100,14,manufacturing,9,no
lead_0114,24,no,100,18,finance,3,no
lead_0115,11,yes,100,28,software,15,no
lead_0116,23,yes,500,14,manufacturing,11,no
lead_0117,5,no,50,15,software,18,no
lead_0118,20,yes,250,20,retail,10,no
lead_0119,14,no,100,6,software,6,no
lead_0120,5,no,250,23,software,15,no
lead_0121,10,no,50,4,retail,12,yes
lead_0122,23,yes,1000,5,software,20,no
lead_0123,5,yes,500,20,healthcare,6,no
lead_0124,15,no,250,26,manufacturing,13,yes
lead_0125,22,no,50,1,retail,8,no
lead_0126,16,no,1000,28,software,17,no
lead_0127,24,yes,50,23,retail,18,no
lead_0128,3,no,250,27,software,12,no
lead_0129,18,yes,500,5,finance,1,yes
lead_0130,8,yes,500,6,manufacturing,18,yes
lead_0131,2,yes,10,27,finance,8,no
lead_0132,21,yes,250,3,finance,19,yes
lead_0133,12,no,10,10,healthcare,16,no
lead_0134,19,no,250,24,healthcare,5,no
lead_0135,17,no,100,9,retail,4,no
lead_0136,23,no,1000,7,manufacturing,17,no
lead_0137,15,no,10,15,retail,15,no
lead_0138,13,yes,25,20,finance,2,no
lead_0139,22,no,1000,29,software,20,no
lead_0140,3,no,25,22,retail,15,no
lead_0141,21,no,10,24,finance,13,no
lead_0142,11,no,25,2,manufacturing,19,no
lead_0143,11,yes,50,11,retail,8,yes
lead_0144,1,no,100,29,finance,20,no
lead_0145,20,no,500,9,healthcare,2,no
lead_0146,14,no,25,13,healthcare,14,no
lead_0147,21,no,25,11,retail,5,no
lead_0148,19,no,500,15,finance,9,no
lead_0149,18,no,10,26,manufacturing,5,no
lead_0150,19,no,100,19,healthcare,1,no
lead_0151,14,no,25,21,healthcare,9,no
lead_0152,6,yes,25,1,manufacturing,9,yes
lead_0153,15,no,250,21,retail,7,no
lead_0154,8,no,100,13,retail,13,no
lead_0155,1,no,100,12,manufacturing,1,no
lead_0156,21,no,10,29,finance,19,no
lead_0157,25,no,50,25,healthcare,13,no
lead_0158,22,yes,25,4,healthcare,16,no
lead_0159,6,yes,50,11,healthcare,10,yes
lead_0160,23,no,100,20,healthcare,15,no
lead_0161,8,no,100,30,software,3,no
lead_0162,25,no,10,4,software,0,no
lead_0163,0,yes,500,21,software,14,no
lead_0164,12,yes,10,16,retail,20,no
lead_0165,25,yes,50,25,retail,15,no
lead_0166,24,no,25,7,retail,15,no
lead_0167,4,yes,50,17,software,10,no
lead_0168,18,yes,100,3,software,2,no
lead_0169,12,no,1000,8,software,5,no
lead_0170,5,no,50,28,retail,12,no
lead_0171,0,no,250,15,software,2,no
lead_0172,2,yes,25,25,healthcare,8,no
lead_0173,25,no,1000,17,software,4,no
lead_0174,12,no,25,15,healthcare,13,no
lead_0175,22,yes,10,23,manufacturing,9,no
lead_0176,24,no,500,21,finance,12,no
lead_0177,25,no,100,4,healthcare,3,no
lead_0178,8,yes,1000,17,finance,3,no
lead_0179,20,no,100,18,healthcare,17,no
lead_0180,19,no,25,3,manufacturing,0,no
lead_0181,2,no,25,6,retail,19,no
lead_0182,15,yes,10,10,healthcare,9,yes
lead_0183,2,no,25,25,retail,15,no
lead_0184,21,no,250,26,manufacturing,12,no
lead_0185,10,yes,10,18,healthcare,20,no
lead_0186,0,no,10,0,software,1,yes
lead_0187,22,yes,10,8,finance,6,no
lead_0188,1,no,25,5,healthcare,13,yes
lead_0189,18,no,500,18,retail,10,no
lead_0190,22,no,1000,20,retail,15,no
lead_0191,13,yes,50,13,finance,17,no
lead_0192,1,no,25,26,software,19,no
lead_0193,3,no,10,28,software,18,yes
lead_0194,25,no,1000,29,manufacturing,20,no
lead_0195,25,no,50,11,healthcare,17,no
lead_0196,1,yes,10,16,software,11,no
lead_0197,13,yes,1000,19,manufacturing,15,no
lead_0198,4,no,1000,5,software,12,yes
lead_0199,12,yes,25,15,manufacturing,1,no
lead_0200,20,yes,1000,7,manufacturing,4,no
lead_0201,15,no,250,0,manufacturing,0,no
lead_0202,25,no,50,2,healthcare,5,no
lead_0203,3,no,250,24,finance,11,no
lead_0204,15,no,50,2,manufacturing,8,no
lead_0205,3,no,100,9,finance,14,no
lead_0206,13,no,1000,5,finance,9,no
lead_0207,18,no,250,0,software,16,no
lead_0208,8,no,1000,8,software,8,no
lead_0209,25,yes,500,21,healthcare,13,no
lead_0210,21,yes,100,13,manufacturing,16,no
lead_0211,14,no,100,2,software,3,no
lead_0212,24,no,100,12,manufacturing,7,no
lead_0213,16,no,25,27,software,11,no
lead_0214,8,no,500,6,manufacturing,4,no
lead_0215,12,yes,50,18,healthcare,12,no
lead_0216,5,no,50,1,manufacturing,0,no
lead_0217,0,yes,250,17,finance,10,no
lead_0218,11,no,10,20,manufacturing,9,no
lead_0219,25,yes,50,16,healthcare,19,no
lead_0220,5,no,100,11,software,15,no
lead_0221,2,yes,10,14,retail,9,no
lead_0222,9,no,250,2,healthcare,0,no
lead_0223,24,no,500,0,manufacturing,18,no
lead_0224,4,no,50,29,software,2,no
lead_0225,17,no,10,26,finance,20,no
lead_0226,20,no,1000,4,manufacturing,16,no
lead_0227,7,no,500,17,retail,4,no
lead_0228,24,yes,250,22,retail,2,no
lead_0229,10,yes,100,0,retail,1,yes
lead_0230,13,no,10,25,healthcare,1,no
lead_0231,7,no,250,23,manufacturing,3,no
lead_0232,11,no,1000,9,software,9,no
lead_0233,23,no,500,1,retail,5,no
lead_0234,8,no,1000,29,software,18,no
lead_0235,24,no,1000,5,finance,1,no
lead_0236,11,no,50,22,healthcare,9,no
lead_0237,15,yes,250,9,healthcare,5,yes
lead_0238,15,yes,10,27,software,5,no
lead_0239,2,no,25,8,healthcare,2,no
lead_0240,16,no,25,24,manufacturing,17,no
lead_0241,6,no,500,18,finance,14,no
lead_0242,6,no,50,0,manufacturing,10,no
lead_0243,10,no,100,1,software,13,no
lead_0244,16,no,250,2,software,18,no
lead_0245,16,no,10,23,finance,2,no
lead_0246,11,no,1000,9,finance,6,no
lead_0247,19,no,500,2,software,12,no
lead_0248,20,no,10,8,manufacturing,9,no
lead_0249,14,yes,250,20,finance,2,no
lead_0250,20,no,1000,8,healthcare,7,no
lead_0251,17,yes,50,18,retail,18,no
lead_0252,24,no,25,26,software,12,no
lead_0253,22,yes,50,17,finance,9,no
lead_0254,21,no,25,5,software,5,no
lead_0255,3,no,500,28,software,0,no
lead_0256,24,yes,100,4,manufacturing,13,no
lead_0257,21,no,1000,13,manufacturing,7,no
lead_0258,7,yes,500,16,finance,8,no
lead_0259,13,no,500,14,retail,8,no
lead_0260,3,yes,50,30,retail,12,no
lead_0261,11,no,500,12,retail,7,no
lead_0262,2,no,1000,14,software,2,no
lead_0263,24,no,25,7,finance,20,no
lead_0264,15,no,50,1,software,19,no
lead_0265,24,no,1000,4,healthcare,4,no
lead_0266,11,no,100,7,healthcare,0,no
lead_0267,8,no,500,13,healthcare,2,no
lead_0268,1,no,1000,24,retail,15,no
lead_0269,23,yes,250,21,finance,18,no
lead_0270,20,yes,1000,1,software,6,yes
lead_0271,16,no,1000,21,retail,8,no
lead_0272,1,yes,500,1,finance,6,no
lead_0273,1,yes,500,11,retail,12,no
lead_0274,18,no,250,8,finance,8,no
lead_0275,14,no,250,21,manufacturing,13,no
lead_0276,25,no,250,14,manufacturing,20,no
lead_0277,24,no,500,17,finance,15,no
lead_0278,13,no,25,14,finance,5,no
lead_0279,21,yes,250,26,healthcare,11,no
lead_0280,10,no,50,29,healthcare,18,no
lead_0281,7,no,1000,6,retail,7,no
lead_0282,21,yes,250,17,software,1,no
lead_0283,25,no,1000,15,healthcare,5,no
lead_0284,14,no,1000,5,software,3,no
lead_0285,9,no,250,12,retail,14,no
lead_0286,15,no,100,9,retail,1,no
lead_0287,2,no,10,30,manufacturing,10,no
lead_0288,20,no,25,14,manufacturing,12,no
lead_0289,3,no,50,17,retail,17,no
lead_0290,8,yes,50,6,software,3,no
lead_0291,17,yes,500,25,manufacturing,11,no
lead_0292,8,no,1000,20,retail,6,no
lead_0293,18,yes,50,16,manufacturing,6,no
lead_0294,15,yes,50,3,finance,12,yes
lead_0295,11,yes,250,17,manufacturing,12,no
lead_0296,20,no,100,28,software,15,no
lead_0297,1,no,500,19,healthcare,11,no
lead_0298,9,no,25,6,retail,2,no
lead_0299,6,no,100,15,finance,8,no
lead_0300,3,yes,25,7,retail,15,no
lead_0301,14,no,1000,17,finance,0,no
lead_0302,17,yes,100,9,manufacturing,9,yes
lead_0303,2,no,1000,30,healthcare,1,yes
lead_0304,1,no,10,17,retail,16,no
lead_0305,21,no,500,25,manufacturing,7,no
lead_0306,12,no,100,24,finance,20,no
lead_0307,6,no,10,10,finance,17,no
lead_0308,9,no,25,13,healthcare,8,no
lead_0309,8,no,25,13,software,15,no
lead_0310,13,no,500,7,retail,3,no
lead_0311,17,yes,500,19,healthcare,2,no
lead_0312,17,no,10,4,healthcare,13,no
lead_0313,14,no,100,30,finance,15,no
lead_0314,19,no,250,10,retail,0,no
lead_0315,22,no,1000,7,healthcare,7,no
lead_0316,22,yes,25,22,finance,13,no
lead_0317,23,no,100,15,healthcare,6,no
lead_0318,13,no,500,18,software,12,no
lead_0319,2,no,10,8,healthcare,6,no
lead_0320,12,yes,25,3,finance,7,yes
lead_0321,10,no,500,29,software,12,no
lead_0322,16,no,100,22,software,14,no
lead_0323,23,no,100,17,healthcare,14,no
lead_0324,11,yes,500,10,healthcare,11,yes
lead_0325,3,no,100,6,manufacturing,15,no
lead_0326,3,no,500,11,healthcare,6,no
lead_0327,16,yes,10,3,healthcare,13,yes
lead_0328,10,yes,50,29,software,16,no
lead_0329,8,no,250,11,retail,12,no
lead_0330,11,no,250,5,finance,2,no
lead_0331,13,no,25,15,retail,1,no
lead_0332,22,yes,10,24,healthcare,3,no
lead_0333,0,yes,1000,22,retail,13,no
lead_0334,9,yes,1000,28,finance,11,no
lead_0335,14,no,250,17,manufacturing,2,no
lead_0336,16,yes,250,29,manufacturing,13,no
lead_0337,13,no,1000,26,software,3,no
lead_0338,4,no,50,10,manufacturing,10,no
lead_0339,19,yes,25,17,software,6,no
lead_0340,22,yes,100,28,retail,6,no
lead_0341,15,no,1000,7,healthcare,10,no
lead_0342,9,yes,100,2,finance,10,no
lead_0343,9,yes,10,6,manufacturing,15,yes
lead_0344,6,no,1000,12,finance,6,no
lead_0345,22,no,250,12,finance,2,no
lead_0346,17,yes,1000,4,finance,6,yes
lead_0347,3,yes,250,17,healthcare,12,no
lead_0348,4,yes,100,25,manufacturing,1,no
lead_0349,7,no,50,30,retail,11,no
lead_0350,1,no,25,28,finance,8,no
lead_0351,14,no,500,7,software,0,no
lead_0352,18,no,1000,10,healthcare,11,no
lead_0353,1,no,10,5,retail,6,no
lead_0354,24,no,1000,11,retail,12,no
lead_0355,22,yes,500,0,finance,14,yes
lead_0356,9,no,500,20,manufacturing,8,no
lead_0357,4,no,250,14,retail,10,no
lead_0358,13,no,500,11,software,15,no
lead_0359,8,no,25,9,software,14,no
lead_0360,12,no,500,10,retail,16,no
lead_0361,8,no,1000,7,software,4,no
lead_0362,25,no,500,15,retail,7,no
lead_0363,4,no,25,6,finance,7,no
lead_0364,3,no,500,17,finance,0,no
lead_0365,11,no,250,28,healthcare,3,no
lead_0366,12,no,250,9,finance,0,no
lead_0367,18,yes,50,7,finance,8,yes
lead_0368,17,yes,100,7,manufacturing,11,yes
lead_0369,23,no,10,25,finance,12,no
lead_0370,3,yes,10,18,retail,15,no
lead_0371,10,yes,1000,2,finance,1,yes
lead_0372,21,yes,10,9,healthcare,4,yes
lead_0373,15,yes,1000,9,retail,7,yes
lead_0374,14,no,50,13,finance,9,no
lead_0375,6,no,1000,22,finance,12,no
lead_0376,23,yes,1000,26,healthcare,6,no
lead_0377,0,no,100,20,manufacturing,1,no
lead_0378,23,no,100,23,finance,9,no
lead_0379,5,no,500,28,manufacturing,17,no
lead_0380,21,yes,10,5,retail,0,yes
lead_0381,12,no,250,6,finance,12,no
lead_0382,5,no,500,14,finance,4,no
lead_0383,7,no,50,27,manufacturing,14,no
lead_0384,7,yes,50,24,finance,15,yes
lead_0385,23,no,25,4,retail,9,no
lead_0386,22,yes,25,26,software,9,no
lead_0387,19,yes,25,11,healthcare,13,yes
lead_0388,22,no,500,27,software,8,no
lead_0389,24,no,1000,3,software,1,no
lead_0390,7,no,500,9,retail,1,no
lead_0391,25,no,50,10,manufacturing,10,no
lead_0392,21,no,1000,3,manufacturing,8,no
lead_0393,13,yes,500,10,software,19,yes
lead_0394,15,no,25,8,manufacturing,13,no
lead_0395,16,no,100,14,finance,5,yes
lead_0396,2,no,500,19,retail,9,no
lead_0397,15,no,500,2,manufacturing,12,no
lead_0398,19,yes,50,29,software,0,yes
lead_0399,6,no,50,21,software,9,yes
lead_0400,12,yes,500,0,healthcare,6,yes
lead_0401,10,no,50,9,manufacturing,8,no
lead_0402,1,no,1000,15,manufacturing,1,no
lead_0403,4,no,500,26,finance,5,no
lead_0404,24,yes,100,29,finance,10,no
lead_0405,7,no,100,19,software,13,no
lead_0406,14,no,500,25,healthcare,4,yes
lead_0407,5,no,100,5,finance,4,no
lead_0408,25,no,500,10,manufacturing,4,no
lead_0409,24,no,50,23,software,2,no
lead_0410,3,no,10,18,healthcare,7,no
lead_0411,4,yes,1000,24,retail,10,no
lead_0412,4,no,500,21,manufacturing,15,no
lead_0413,25,yes,1000,14,software,5,no
lead_0414,16,no,500,8,software,0,yes
lead_0415,11,yes,50,13,healthcare,6,no
lead_0416,13,no,50,0,finance,17,no
lead_0417,14,no,1000,25,software,7,yes
lead_0418,5,no,500,2,healthcare,11,no
lead_0419,11,yes,10,28,software,16,no
lead_0420,12,yes,500,28,finance,18,no
lead_0421,11,no,25,10,finance,17,no
lead_0422,6,no,500,22,healthcare,20,no
lead_0423,12,no,1000,7,software,19,no
lead_0424,25,no,10,5,manufacturing,10,no
lead_0425,25,no,1000,5,software,2,no
lead_0426,22,yes,250,27,retail,13,no
lead_0427,17,no,100,22,finance,20,no
lead_0428,4,yes,500,8,finance,10,no
lead_0429,8,no,500,26,retail,5,no
lead_0430,3,yes,500,25,healthcare,11,no
lead_0431,11,no,50,22,software,11,no
lead_0432,9,no,500,2,healthcare,19,no
lead_0433,3,yes,100,26,retail,14,no
lead_0434,19,no,10,28,retail,14,no
lead_0435,24,yes,25,24,manufacturing,17,no
lead_0436,13,yes,500,14,healthcare,1,no
lead_0437,1,yes,500,30,manufacturing,20,no
lead_0438,7,no,500,25,manufacturing,19,no
lead_0439,24,no,500,30,retail,10,no
lead_0440,15,yes,100,2,healthcare,8,no
lead_0441,10,yes,10,18,software,7,no
lead_0442,20,no,25,16,finance,20,no
lead_0443,16,yes,25,15,retail,16,no
lead_0444,8,yes,50,16,manufacturing,20,no
lead_0445,0,yes,1000,27,software,3,no
lead_0446,17,no,25,9,retail,8,no
lead_0447,16,no,100,11,healthcare,11,no
lead_0448,0,yes,50,2,healthcare,15,no
lead_0449,23,no,25,0,healthcare,20,no
lead_0450,22,yes,1000,23,software,13,no
lead_0451,14,no,10,7,retail,15,no
lead_0452,23,no,1000,13,software,2,no
lead_0453,6,yes,10,15,finance,15,no
lead_0454,2,no,500,11,retail,19,no
lead_0455,5,yes,100,17,healthcare,17,no
lead_0456,14,yes,50,13,healthcare,4,no
lead_0457,12,yes,50,23,finance,9,no
lead_0458,10,no,100,11,retail,6,no
lead_0459,7,no,500,27,manufacturing,14,no
lead_0460,21,yes,250,3,software,9,yes
lead_0461,22,yes,50,2,healthcare,10,yes
lead_0462,15,no,100,1,healthcare,4,no
lead_0463,17,no,25,22,manufacturing,13,no
lead_0464,25,yes,250,21,manufacturing,15,no
lead_0465,16,yes,1000,19,manufacturing,1,no
lead_0466,23,no,25,18,healthcare,0,no
lead_0467,0,no,25,8,healthcare,16,no
lead_0468,20,no,100,26,finance,17,no
lead_0469,6,no,100,25,manufacturing,9,no
lead_0470,7,yes,100,29,software,10,no
lead_0471,16,yes,100,13,healthcare,16,no
lead_0472,9,no,10,13,manufacturing,11,no
lead_0473,7,no,250,0,manufacturing,2,no
lead_0474,12,yes,1000,20,software,11,no
lead_0475,15,no,1000,27,finance,8,no
lead_0476,6,no,100,6,retail,3,no
lead_0477,14,no,500,11,software,6,no
lead_0478,4,no,10,12,manufacturing,13,no
lead_0479,5,yes,100,6,manufacturing,2,no
lead_0480,4,no,1000,15,healthcare,12,no
lead_0481,24,no,10,21,manufacturing,10,no
lead_0482,23,yes,500,24,finance,12,no
lead_0483,20,no,100,2,retail,14,no
lead_0484,2,no,50,3,software,0,no
lead_0485,14,no,250,13,retail,1,no
lead_0486,5,no,50,12,manufacturing,0,no
lead_0487,7,yes,100,18,software,10,no
lead_0488,8,no,25,2,manufacturing,7,no
lead_0489,12,no,1000,5,finance,17,no
lead_0490,8,yes,25,4,manufacturing,5,no
lead_0491,12,no,100,1,healthcare,11,no
lead_0492,14,no,500,0,healthcare,2,yes
lead_0493,4,no,50,1,healthcare,18,no
lead_0494,20,no,1000,5,retail,17,no
lead_0495,14,no,50,15,healthcare,12,no
lead_0496,12,no,10,27,manufacturing,1,no
lead_0497,24,no,25,27,retail,13,no
lead_0498,13,no,25,0,healthcare,19,no
lead_0499,23,no,500,20,manufacturing,13,no
lead_0500,9,no,1000,24,software,13,no
lead_0501,0,no,250,21,retail,2,no
lead_0502,25,no,25,23,software,16,no
lead_0503,12,yes,250,25,manufacturing,9,no
lead_0504,24,no,1000,18,healthcare,6,no
lead_0505,23,yes,250,16,software,17,no
lead_0506,20,no,50,18,manufacturing,8,no
lead_0507,13,yes,1000,9,healthcare,19,no
lead_0508,17,no,10,9,manufacturing,16,no
lead_0509,2,yes,25,12,retail,3,no
lead_0510,20,no,25,7,healthcare,18,no
lead_0511,16,no,500,1,finance,12,no
lead_0512,6,yes,25,14,software,20,no
lead_0513,21,no,100,7,software,11,no
lead_0514,11,no,250,9,software,15,no
lead_0515,13,yes,25,0,software,10,yes
lead_0516,11,yes,25,20,software,20,no
lead_0517,18,no,10,20,healthcare,13,no
lead_0518,16,no,250,21,manufacturing,12,no
lead_0519,13,yes,1000,16,manufacturing,16,no
lead_0520,6,yes,25,8,finance,18,yes
lead_0521,23,no,25,4,finance,14,no
lead_0522,20,no,1000,0,software,17,no
lead_0523,23,no,25,26,software,19,no
lead_0524,13,no,100,7,manufacturing,12,no
lead_0525,25,no,25,4,manufacturing,8,no
lead_0526,25,no,100,17,manufacturing,16,no
lead_0527,7,yes,100,4,healthcare,16,yes
lead_0528,16,no,25,30,manufacturing,9,no
lead_0529,11,no,50,21,manufacturing,0,no
lead_0530,21,yes,250,15,healthcare,11,no
lead_0531,19,yes,25,8,retail,12,yes
lead_0532,22,no,250,5,healthcare,18,no
lead_0533,8,no,50,25,retail,20,no
lead_0534,12,no,1000,3,software,14,no
lead_0535,15,yes,250,9,software,18,no
lead_0536,10,yes,1000,23,healthcare,8,no
lead_0537,17,no,100,6,manufacturing,19,no
lead_0538,21,no,25,10,healthcare,0,no
lead_0539,7,yes,50,23,finance,1,no
lead_0540,11,no,10,4,software,1,no
lead_0541,23,no,250,9,finance,7,no
lead_0542,22,no,500,7,finance,9,no
lead_0543,21,no,50,26,software,9,no
lead_0544,6,no,25,20,software,16,no
lead_0545,25,yes,250,9,finance,7,yes
lead_0546,14,no,50,26,retail,11,no
lead_0547,10,yes,500,8,retail,19,no
lead_0548,10,no,500,27,software,10,no
lead_0549,16,yes,50,18,retail,0,no
lead_0550,25,no,500,18,software,5,no
lead_0551,25,no,10,1,software,19,no
lead_0552,15,yes,1000,20,manufacturing,5,no
lead_0553,7,no,25,16,software,16,no
lead_0554,19,yes,50,27,software,14,yes
lead_0555,18,no,50,23,healthcare,6,yes
lead_0556,20,no,10,25,finance,13,no
lead_0557,9,no,10,30,finance,14,no
lead_0558,16,no,500,25,healthcare,13,no
lead_0559,2,no,10,8,software,0,no
lead_0560,21,no,1000,23,healthcare,19,no
lead_0561,23,yes,100,20,manufacturing,19,no
lead_0562,8,no,1000,2,finance,7,no
lead_0563,3,yes,50,8,retail,8,no
lead_0564,2,no,1000,11,manufacturing,12,no
lead_0565,10,no,10,16,finance,11,no
lead_0566,18,no,250,17,finance,13,no
lead_0567,7,no,500,13,healthcare,18,no
lead_0568,25,no,25,4,software,17,no
lead_0569,2,no,10,29,manufacturing,3,no
lead_0570,6,no,10,6,retail,17,no
lead_0571,5,no,10,19,finance,10,no
lead_0572,8,no,10,30,finance,2,no
lead_0573,25,yes,250,18,manufacturing,3,yes
lead_0574,22,no,50,29,manufacturing,20,no
lead_0575,12,yes,25,24,retail,10,no
lead_0576,7,yes,100,3,retail,19,yes
lead_0577,16,no,100,0,healthcare,0,no
lead_0578,7,yes,50,30,finance,4,no
lead_0579,16,no,250,21,finance,17,no
lead_0580,21,yes,10,22,finance,5,no
lead_0581,8,yes,10,0,retail,14,yes
lead_0582,25,no,100,29,finance,18,no
lead_0583,8,no,10,13,retail,15,no
lead_0584,19,no,50,23,finance,6,no
lead_0585,18,no,500,8,software,18,no
lead_0586,17,no,10,20,finance,18,no
lead_0587,17,no,500,30,healthcare,4,no
lead_0588,5,no,1000,20,healthcare,10,no
lead_0589,20,no,100,4,finance,4,no
lead_0590,25,no,250,23,manufacturing,18,no
lead_0591,22,no,10,14,retail,4,no
lead_0592,3,no,100,29,finance,1,no
lead_0593,4,no,100,3,manufacturing,10,no
lead_0594,15,no,50,24,finance,14,no
lead_0595,7,no,100,29,manufacturing,7,no
lead_0596,11,yes,50,30,software,3,no
lead_0597,24,yes,250,23,healthcare,0,no
lead_0598,0,no,50,25,finance,7,no
lead_0599,10,no,10,1,manufacturing,11,no
lead_0600,18,no,1000,12,software,2,no
lead_0601,16,no,25,13,software,9,no
lead_0602,11,no,250,1,finance,12,no
lead_0603,22,yes,250,29,retail,7,no
lead_0604,21,yes,50,12,healthcare,6,yes
lead_0605,23,yes,100,18,software,8,no
lead_0606,3,yes,250,29,finance,4,no
lead_0607,24,no,100,28,retail,0,no
lead_0608,6,no,100,16,software,12,no
lead_0609,9,yes,10,24,finance,4,no
lead_0610,14,yes,25,29,retail,13,no
lead_0611,18,yes,50,9,manufacturing,19,yes
lead_0612,14,no,100,13,software,10,no
lead_0613,15,no,25,4,manufacturing,19,no
lead_0614,0,no,500,19,retail,3,no
lead_0615,6,yes,500,2,finance,1,yes
lead_0616,0,no,50,4,healthcare,12,no
lead_0617,17,no,25,29,finance,14,no
lead_0618,7,no,100,28,finance,0,yes
lead_0619,20,no,100,10,finance,2,no
lead_0620,22,no,250,19,finance,4,no
lead_0621,20,yes,10,0,manufacturing,13,yes
lead_0622,17,no,500,12,manufacturing,19,no
lead_0623,11,yes,50,2,software,14,no
lead_0624,12,no,100,3,retail,2,no
lead_0625,2,yes,1000,3,finance,13,no
lead_0626,6,yes,50,18,manufacturing,14,no
lead_0627,11,no,1000,12,retail,17,no
lead_0628,12,no,250,19,finance,1,no
lead_0629,2,yes,500,28,manufacturing,16,no
lead_0630,25,no,500,2,manufacturing,18,no
lead_0631,20,no,250,10,retail,5,no
lead_0632,25,no,10,22,software,7,no
lead_0633,8,no,1000,17,healthcare,9,no
lead_0634,18,no,50,20,software,0,no
lead_0635,20,no,1000,3,software,10,yes
lead_0636,10,no,500,14,software,18,no
lead_0637,8,no,100,1,healthcare,17,yes
lead_0638,15,no,100,3,manufacturing,10,no
lead_0639,22,no,500,5,software,5,no
lead_0640,22,yes,250,18,software,4,no
lead_0641,6,no,10,26,software,5,yes
lead_0642,8,no,10,8,healthcare,19,no
lead_0643,4,no,100,30,software,11,no
lead_0644,8,yes,100,23,retail,2,no
lead_0645,16,no,100,2,healthcare,5,no
lead_0646,2,no,25,21,healthcare,12,no
lead_0647,21,no,100,23,manufacturing,1,no
lead_0648,20,yes,1000,22,finance,9,no
lead_0649,11,no,500,26,retail,19,no
lead_0650,5,no,500,19,finance,10,yes
lead_0651,11,yes,25,0,retail,18,yes
lead_0652,18,yes,250,14,healthcare,10,no
lead_0653,21,no,1000,9,finance,16,no
lead_0654,9,yes,10,17,software,13,no
lead_0655,22,yes,50,20,software,20,no
lead_0656,23,yes,10,14,manufacturing,12,no
lead_0657,24,yes,1000,0,healthcare,15,yes
lead_0658,3,yes,100,12,software,8,no
lead_0659,19,yes,250,6,retail,3,yes
lead_0660,0,yes,250,3,software,11,no
lead_0661,18,no,500,9,healthcare,13,yes
lead_0662,6,no,10,14,finance,1,no
lead_0663,21,yes,100,18,retail,17,no
lead_0664,5,no,250,25,manufacturing,20,no
lead_0665,1,yes,500,9,manufacturing,14,no
lead_0666,13,no,100,30,healthcare,9,no
lead_0667,17,no,50,9,software,3,no
lead_0668,24,yes,10,14,software,11,no
lead_0669,12,no,50,27,software,12,no
lead_0670,14,no,100,4,manufacturing,14,no
lead_0671,4,yes,25,5,manufacturing,7,no
lead_0672,9,yes,25,16,healthcare,1,yes
lead_0673,6,no,1000,12,finance,4,no
lead_0674,2,yes,250,25,retail,7,no
lead_0675,7,no,250,9,healthcare,16,no
lead_0676,21,yes,10,4,healthcare,5,yes
lead_0677,14,no,25,24,retail,5,no
lead_0678,19,no,500,25,retail,13,no
lead_0679,1,no,50,2,manufacturing,8,no
lead_0680,22,no,25,24,retail,7,no
lead_0681,8,no,10,14,software,13,no
lead_0682,16,no,10,7,manufacturing,16,no
lead_0683,2,yes,250,0,manufacturing,17,no
lead_0684,25,no,250,29,manufacturing,12,no
lead_0685,22,yes,500,16,finance,16,no
lead_0686,25,yes,100,29,finance,3,no
lead_0687,21,no,1000,13,software,9,no
lead_0688,23,no,100,8,software,2,no
lead_0689,16,yes,25,17,finance,12,no
lead_0690,13,no,100,17,healthcare,19,no
lead_0691,17,yes,1000,18,manufacturing,9,no
lead_0692,22,no,500,3,manufacturing,8,no
lead_0693,11,no,10,26,software,20,no
lead_0694,3,no,50,7,finance,11,no
lead_0695,17,yes,1000,23,retail,19,no
lead_0696,3,no,100,30,software,11,yes
lead_0697,24,no,50,8,finance,16,yes
lead_0698,7,yes,50,28,software,10,no
lead_0699,15,no,50,16,manufacturing,4,no
lead_0700,3,no,250,9,finance,18,no
lead_0701,2,no,250,17,healthcare,4,no
lead_0702,2,yes,1000,0,software,9,no
lead_0703,10,no,1000,20,manufacturing,6,no
lead_0704,8,no,1000,21,finance,8,no
lead_0705,25,no,500,29,manufacturing,8,no
lead_0706,25,yes,500,23,manufacturing,8,no
lead_0707,22,yes,50,18,software,10,no
lead_0708,13,no,50,16,retail,9,no
lead_0709,14,no,100,6,software,8,no
lead_0710,3,no,100,4,retail,1,no
lead_0711,7,yes,100,21,software,1,no
lead_0712,25,yes,50,5,finance,11,no
lead_0713,21,no,250,23,finance,18,no
lead_0714,24,yes,1000,15,retail,8,no
lead_0715,5,no,100,30,healthcare,11,no
lead_0716,14,yes,1000,14,software,2,no
lead_0717,17,no,250,30,software,4,no
lead_0718,14,no,500,30,manufacturing,13,no
lead_0719,15,yes,1000,15,manufacturing,17,no
lead_0720,19,yes,100,12,manufacturing,18,no
lead_0721,3,no,500,23,healthcare,6,no
lead_0722,13,no,1000,1,finance,9,no
lead_0723,9,no,50,19,finance,19,no
lead_0724,12,no,25,17,finance,20,no
lead_0725,5,yes,500,3,retail,6,no
lead_0726,20,no,100,10,healthcare,19,no
lead_0727,3,yes,1000,17,healthcare,5,no
lead_0728,3,yes,250,17,retail,1,no
lead_0729,21,no,10,30,manufacturing,9,no
lead_0730,12,no,1000,3,software,4,no
lead_0731,20,yes,500,15,software,16,no
lead_0732,10,yes,10,24,healthcare,14,no
lead_0733,4,no,500,15,healthcare,6,no
lead_0734,18,yes,10,14,retail,15,no
lead_0735,0,yes,50,23,healthcare,3,no
lead_0736,13,no,100,29,software,5,no
lead_0737,24,no,1000,27,software,16,no
lead_0738,3,no,100,26,finance,4,no
lead_0739,22,no,25,1,finance,6,no
lead_0740,19,yes,100,28,finance,11,no
lead_0741,17,no,250,3,healthcare,14,no
lead_0742,14,no,50,20,retail,18,no
lead_0743,3,no,500,9,software,19,no
lead_0744,25,no,1000,27,retail,19,no
lead_0745,23,yes,500,29,healthcare,0,no
lead_0746,6,no,1000,21,manufacturing,0,no
lead_0747,23,no,1000,18,finance,4,no
lead_0748,12,no,1000,20,manufacturing,15,yes
lead_0749,10,no,500,19,finance,14,no
lead_0750,23,yes,50,2,finance,4,yes
lead_0751,16,yes,250,17,healthcare,7,no
lead_0752,16,no,500,8,software,15,no
lead_0753,7,no,25,26,finance,16,no
lead_0754,19,no,50,4,manufacturing,10,no
lead_0755,24,yes,250,24,retail,8,no
lead_0756,13,yes,10,24,finance,0,yes
lead_0757,11,no,100,4,finance,10,no
lead_0758,23,no,250,10,software,4,no
lead_0759,15,no,1000,27,finance,18,no
lead_0760,9,yes,50,20,software,6,no
lead_0761,13,yes,500,20,manufacturing,7,no
lead_0762,14,no,250,7,retail,14,no
lead_0763,20,yes,1000,25,finance,5,no
lead_0764,12,no,100,5,finance,3,no
lead_0765,11,no,100,2,software,5,no
lead_0766,13,yes,1000,15,healthcare,0,no
lead_0767,15,no,250,13,retail,10,no
lead_0768,12,no,50,9,healthcare,19,no
lead_0769,20,yes,100,5,retail,19,yes
lead_0770,21,no,25,2,healthcare,14,no
lead_0771,5,no,25,2,retail,1,no
lead_0772,8,yes,1000,0,retail,8,yes
lead_0773,12,no,10,20,software,17,no
lead_0774,25,yes,100,2,manufacturing,9,yes
lead_0775,21,no,500,1,retail,6,no
lead_0776,23,no,250,20,software,0,no
lead_0777,16,yes,25,9,healthcare,14,no
lead_0778,10,no,100,13,retail,15,no
lead_0779,3,no,100,2,manufacturing,8,no
lead_0780,19,no,10,20,software,11,no
lead_0781,14,no,10,16,healthcare,5,no
lead_0782,14,yes,25,7,finance,14,yes
lead_0783,1,no,10,25,finance,0,no
lead_0784,24,yes,500,24,manufacturing,11,no
lead_0785,9,no,10,7,finance,6,no
lead_0786,12,no,250,17,manufacturing,17,no
lead_0787,12,yes,100,28,retail,1,no
lead_0788,20,no,250,24,manufacturing,19,no
lead_0789,13,no,10,0,manufacturing,13,no
lead_0790,7,no,25,8,software,18,no
lead_0791,25,yes,1000,4,software,2,yes
lead_0792,16,yes,50,6,software,1,yes
lead_0793,0,yes,25,19,retail,13,no
lead_0794,17,yes,250,30,manufacturing,6,no
lead_0795,7,no,10,26,finance,0,no
lead_0796,10,yes,500,25,healthcare,5,no
lead_0797,6,yes,250,6,finance,5,no
lead_0798,8,yes,250,29,finance,2,no
lead_0799,9,no,1000,21,retail,6,no
