account_id,plan,billing_cycle,helpdesk,seats,mrr,status,signed_up_at,cancelled_at
acct_00ba1c72,starter,monthly,gorgias,1,49,cancelled,2025-02-16,2025-07-24T16:00:00
acct_011ae7b9,growth,monthly,zendesk,9,1341,cancelled,2024-01-12,2024-05-23T14:00:00
acct_016d5144,starter,monthly,intercom,3,147,cancelled,2024-02-09,2024-10-18T09:00:00
acct_017ccc49,starter,monthly,freshdesk,3,147,active,2025-02-08,
acct_01970ecd,scale,monthly,freshdesk,40,6653,cancelled,2024-02-05,2024-08-30T09:00:00
acct_02033535,growth,annual,zendesk,8,993,active,2024-08-23,
acct_0211e329,growth,monthly,intercom,5,745,cancelled,2025-06-13,2025-07-22T13:00:00
acct_0387a4c5,growth,monthly,gorgias,8,1192,cancelled,2024-02-18,2025-07-26T15:00:00
acct_03b921a8,starter,annual,gorgias,2,81,cancelled,2024-01-01,2024-02-15T12:00:00
acct_03c763d7,scale,monthly,zendesk,20,3326,cancelled,2024-08-02,2025-04-06T09:00:00
acct_04fa262c,starter,monthly,freshdesk,1,49,cancelled,2024-05-14,2025-06-03T13:00:00
acct_04fe8839,scale,monthly,freshdesk,32,5322,cancelled,2024-09-08,2025-02-28T09:00:00
acct_05323917,growth,monthly,zendesk,3,447,active,2025-11-09,
acct_0597250a,starter,monthly,freshdesk,3,147,cancelled,2024-02-15,2024-11-05T10:00:00
acct_062b8c4c,starter,annual,freshdesk,3,122,active,2025-01-17,
acct_062d243d,growth,monthly,freshdesk,8,1192,cancelled,2024-05-28,2024-11-27T12:00:00
acct_06a8f7f7,growth,monthly,zendesk,9,1341,cancelled,2024-01-04,2024-09-08T17:00:00
acct_0764c240,growth,monthly,intercom,3,447,active,2025-11-16,
acct_077e30f8,starter,monthly,gorgias,3,147,cancelled,2024-02-18,2024-11-08T16:00:00
acct_07cbb40c,growth,monthly,intercom,9,1341,cancelled,2024-01-20,2024-07-19T13:00:00
acct_0869eeb1,starter,monthly,gorgias,2,98,active,2025-07-14,
acct_0888e09b,starter,monthly,gorgias,2,98,cancelled,2024-04-13,2024-12-13T10:00:00
acct_08a76e1d,starter,monthly,zendesk,3,147,active,2025-10-04,
acct_098ce6f2,starter,monthly,gorgias,2,98,active,2025-07-20,
acct_09b2ac2b,starter,monthly,gorgias,2,98,cancelled,2025-04-14,2025-11-10T10:00:00
acct_0a050950,growth,annual,gorgias,10,1241,cancelled,2024-12-29,2025-05-31T12:00:00
acct_0a1cd629,starter,monthly,gorgias,1,49,cancelled,2024-11-16,2025-04-08T12:00:00
acct_0a2711ee,starter,monthly,gorgias,3,147,cancelled,2024-02-03,2024-10-27T15:00:00
acct_0a7fd012,growth,annual,freshdesk,10,1241,cancelled,2024-02-13,2024-08-12T10:00:00
acct_0aabe5e5,growth,monthly,zendesk,6,894,cancelled,2024-02-10,2024-06-16T09:00:00
acct_0ab57b1f,starter,monthly,freshdesk,1,49,active,2025-09-13,
acct_0acaed6b,growth,monthly,zendesk,8,1192,active,2024-12-06,
acct_0ae09692,starter,monthly,gorgias,3,147,cancelled,2024-01-29,2024-09-17T13:00:00
acct_0b2d2b1f,starter,monthly,gorgias,3,147,cancelled,2024-02-16,2024-11-14T14:00:00
acct_0b51a0ea,starter,monthly,freshdesk,1,49,cancelled,2024-07-28,2024-09-03T10:00:00
acct_0b8ff294,growth,monthly,zendesk,5,745,cancelled,2024-11-09,2025-07-12T14:00:00
acct_0c174c88,starter,monthly,freshdesk,3,147,cancelled,2024-01-28,2024-06-15T09:00:00
acct_0c283081,growth,annual,gorgias,8,993,cancelled,2024-02-13,2025-10-10T10:00:00
acct_0c9e351e,starter,monthly,intercom,1,49,cancelled,2024-01-05,2025-01-04T14:00:00
acct_0ca5e22a,starter,monthly,zendesk,2,98,cancelled,2024-03-29,2024-11-13T12:00:00
acct_0df20713,growth,annual,intercom,4,496,cancelled,2024-01-26,2024-07-05T17:00:00
acct_0e187abc,growth,monthly,gorgias,10,1490,cancelled,2024-02-19,2024-10-23T11:00:00
acct_0e2dca59,scale,annual,gorgias,20,2771,past_due,2025-11-05,
acct_0e5728d5,growth,monthly,freshdesk,3,447,cancelled,2024-12-16,2025-05-04T14:00:00
acct_0e902fb3,starter,monthly,zendesk,3,147,cancelled,2024-09-26,2025-11-19T13:00:00
acct_0ed25ea9,growth,monthly,intercom,6,894,active,2024-09-22,
acct_0f054678,scale,monthly,zendesk,14,2328,cancelled,2024-02-03,2025-10-09T11:00:00
acct_0f133e35,starter,monthly,intercom,2,98,cancelled,2024-02-28,2025-05-30T13:00:00
acct_10c9a9b6,scale,annual,freshdesk,27,3742,cancelled,2024-01-05,2024-04-04T11:00:00
acct_10d3b063,growth,monthly,intercom,8,1192,cancelled,2025-01-23,2025-09-21T13:00:00
acct_10eecc7e,growth,monthly,gorgias,3,447,cancelled,2025-05-04,2025-09-11T11:00:00
acct_1144680e,growth,monthly,freshdesk,9,1341,active,2024-08-18,
acct_11e7ada6,starter,monthly,freshdesk,3,147,active,2024-08-20,
acct_11f9edce,growth,monthly,zendesk,6,894,cancelled,2024-02-14,2024-03-10T11:00:00
acct_123cbc30,starter,monthly,intercom,3,147,cancelled,2025-02-19,2025-08-08T13:00:00
acct_12668b9d,growth,monthly,freshdesk,7,1043,cancelled,2024-08-25,2025-04-24T09:00:00
acct_12a1f28c,scale,monthly,zendesk,31,5156,past_due,2025-05-27,
acct_12e1f779,starter,monthly,freshdesk,2,98,cancelled,2024-04-20,2024-10-28T15:00:00
acct_13633988,starter,monthly,zendesk,1,49,cancelled,2024-02-12,2024-09-09T12:00:00
acct_14a7eabe,starter,monthly,intercom,1,49,cancelled,2024-01-13,2025-03-19T17:00:00
acct_14b4a582,growth,annual,freshdesk,10,1241,cancelled,2024-01-30,2025-02-09T14:00:00
acct_14b9fc4d,growth,monthly,gorgias,8,1192,cancelled,2024-02-12,2024-06-30T13:00:00
acct_154f523b,starter,monthly,freshdesk,3,147,cancelled,2025-01-09,2025-02-18T15:00:00
acct_154fadf0,starter,monthly,gorgias,2,98,cancelled,2024-02-07,2024-03-18T11:00:00
acct_15b43b81,growth,monthly,freshdesk,9,1341,cancelled,2025-01-28,2025-06-23T10:00:00
acct_15bb11d0,starter,monthly,zendesk,1,49,cancelled,2024-10-03,2025-01-08T11:00:00
acct_164751d0,starter,annual,freshdesk,1,40,cancelled,2024-11-25,2025-01-24T14:00:00
acct_16671350,growth,monthly,gorgias,6,894,cancelled,2024-02-09,2024-07-17T16:00:00
acct_1745cee5,growth,monthly,gorgias,5,745,cancelled,2024-11-24,2025-05-25T10:00:00
acct_181b3bf4,starter,monthly,freshdesk,1,49,active,2025-10-29,
acct_18c0ed29,growth,annual,intercom,10,1241,cancelled,2025-05-13,2025-11-10T11:00:00
acct_18db2b85,growth,annual,gorgias,6,745,cancelled,2024-02-17,2024-08-14T09:00:00
acct_18e6fcfc,scale,annual,zendesk,15,2079,cancelled,2024-06-04,2025-11-17T16:00:00
acct_19006587,growth,monthly,intercom,7,1043,cancelled,2024-01-12,2024-08-23T11:00:00
acct_195de5f0,starter,monthly,intercom,3,147,cancelled,2024-02-01,2024-08-08T14:00:00
acct_19a14ca6,growth,monthly,freshdesk,8,1192,cancelled,2024-02-04,2024-11-17T15:00:00
acct_1a412d39,scale,annual,freshdesk,36,4990,cancelled,2024-02-21,2024-05-07T17:00:00
acct_1a7400de,growth,monthly,zendesk,6,894,cancelled,2025-01-11,2025-09-05T14:00:00
acct_1a9a6ea5,scale,annual,freshdesk,20,2771,active,2024-03-27,
acct_1ad510db,starter,monthly,freshdesk,2,98,cancelled,2024-01-22,2024-06-20T12:00:00
acct_1b065969,starter,annual,gorgias,2,81,cancelled,2024-01-10,2025-02-06T13:00:00
acct_1b35cacd,starter,monthly,intercom,1,49,cancelled,2024-07-17,2025-04-18T14:00:00
acct_1b4a4ff4,growth,annual,gorgias,3,372,cancelled,2024-01-27,2025-01-24T17:00:00
acct_1b67aa64,growth,monthly,gorgias,4,596,cancelled,2024-01-30,2024-10-16T09:00:00
acct_1b77dade,growth,monthly,gorgias,8,1192,cancelled,2024-10-07,2025-06-16T10:00:00
acct_1b7da790,starter,monthly,freshdesk,1,49,active,2025-07-09,
acct_1bd507f9,starter,monthly,gorgias,1,49,active,2025-07-03,
acct_1c4d6637,growth,annual,gorgias,3,372,cancelled,2025-02-01,2025-09-12T10:00:00
acct_1c58dc8e,starter,monthly,gorgias,2,98,cancelled,2024-02-04,2024-06-16T11:00:00
acct_1c7e8731,growth,monthly,gorgias,4,596,cancelled,2025-03-04,2025-09-25T09:00:00
acct_1c87aed0,growth,monthly,zendesk,10,1490,cancelled,2024-07-10,2025-04-24T15:00:00
acct_1ccf3a2c,starter,monthly,intercom,2,98,cancelled,2024-07-05,2025-07-11T12:00:00
acct_1d33eaed,scale,monthly,zendesk,36,5988,cancelled,2024-01-24,2025-08-23T10:00:00
acct_1da74f85,starter,monthly,gorgias,3,147,cancelled,2025-05-20,2025-08-27T13:00:00
acct_1eba1750,growth,annual,zendesk,5,620,active,2025-08-22,
acct_1ebfa68f,starter,monthly,freshdesk,1,49,cancelled,2024-02-07,2024-05-30T15:00:00
acct_1ed669c5,starter,annual,intercom,1,40,cancelled,2024-09-14,2025-10-18T11:00:00
acct_1f22e070,growth,monthly,intercom,10,1490,cancelled,2024-02-22,2024-10-29T11:00:00
acct_1f86c8a0,starter,monthly,intercom,1,49,cancelled,2024-01-08,2024-07-07T16:00:00
acct_1fabfc9c,starter,monthly,zendesk,3,147,cancelled,2024-01-29,2024-12-12T16:00:00
acct_1fc84ed3,starter,monthly,gorgias,1,49,cancelled,2024-01-16,2024-09-01T11:00:00
acct_1fdc9e9a,starter,monthly,freshdesk,2,98,cancelled,2025-02-12,2025-03-15T12:00:00
acct_1ff6b754,starter,monthly,intercom,2,98,active,2025-06-20,
acct_20115fdb,starter,monthly,freshdesk,1,49,active,2025-01-26,
acct_20433996,starter,annual,zendesk,3,122,cancelled,2024-01-23,2024-10-11T15:00:00
acct_206b676f,growth,monthly,freshdesk,7,1043,cancelled,2024-02-20,2024-09-26T10:00:00
acct_20f2c1aa,starter,monthly,freshdesk,2,98,cancelled,2024-01-31,2025-02-14T16:00:00
acct_218f8ca7,starter,monthly,gorgias,2,98,past_due,2025-10-15,
acct_2196d6d4,scale,monthly,gorgias,14,2328,active,2025-04-11,
acct_21cf21ee,starter,monthly,intercom,1,49,cancelled,2025-01-08,2025-07-20T09:00:00
acct_21eb36b5,starter,monthly,zendesk,3,147,cancelled,2024-05-23,2024-07-12T15:00:00
acct_21ec2853,growth,annual,intercom,9,1117,cancelled,2024-02-14,2024-09-28T17:00:00
acct_220c59ae,growth,annual,zendesk,7,869,active,2024-03-26,
acct_229c71a0,scale,monthly,zendesk,25,4158,active,2025-09-07,
acct_22bbc84a,scale,annual,intercom,21,2910,active,2024-01-10,
acct_22be95fd,growth,monthly,intercom,4,596,cancelled,2024-01-12,2025-01-16T12:00:00
acct_22c920d1,starter,monthly,zendesk,2,98,cancelled,2024-02-19,2024-10-25T17:00:00
acct_22e9ed5e,growth,monthly,gorgias,5,745,cancelled,2024-07-16,2025-03-06T12:00:00
acct_23072c13,scale,annual,freshdesk,32,4435,active,2025-10-17,
acct_2351efd6,scale,monthly,zendesk,22,3659,cancelled,2024-02-04,2025-07-26T17:00:00
acct_2390697f,growth,monthly,zendesk,3,447,cancelled,2024-02-06,2024-10-06T16:00:00
acct_23f49ea3,growth,annual,gorgias,8,993,active,2025-06-27,
acct_254ceaf4,scale,annual,intercom,23,3187,active,2025-07-30,
acct_255bba8d,growth,annual,gorgias,9,1117,past_due,2025-10-25,
acct_25b4e388,starter,annual,zendesk,1,40,cancelled,2025-05-17,2025-08-20T09:00:00
acct_25d385d4,scale,annual,intercom,27,3742,active,2024-07-04,
acct_2633e16e,growth,monthly,freshdesk,7,1043,cancelled,2024-01-28,2024-03-21T16:00:00
acct_26b12708,scale,monthly,zendesk,11,1829,cancelled,2024-05-07,2025-06-13T10:00:00
acct_26bf3d1d,scale,monthly,zendesk,14,2328,active,2025-08-27,
acct_278b5911,starter,monthly,gorgias,2,98,cancelled,2024-01-11,2024-08-01T12:00:00
acct_279f76a3,starter,monthly,gorgias,2,98,cancelled,2024-01-03,2024-12-07T17:00:00
acct_27e16547,growth,monthly,gorgias,4,596,cancelled,2025-04-02,2025-10-09T09:00:00
acct_28014d9b,growth,monthly,intercom,9,1341,cancelled,2024-02-13,2024-08-04T11:00:00
acct_280fd939,starter,monthly,gorgias,3,147,cancelled,2024-12-11,2025-08-23T11:00:00
acct_28189c75,growth,annual,freshdesk,10,1241,cancelled,2024-02-07,2024-08-07T10:00:00
acct_28737266,starter,annual,freshdesk,3,122,cancelled,2025-01-30,2025-10-12T10:00:00
acct_28863703,scale,annual,intercom,38,5266,cancelled,2024-01-13,2024-03-21T14:00:00
acct_28b4e40d,starter,monthly,gorgias,1,49,cancelled,2024-07-25,2025-04-07T14:00:00
acct_292e7f81,growth,monthly,intercom,9,1341,cancelled,2024-02-17,2024-04-03T12:00:00
acct_2957a0b9,scale,annual,intercom,21,2910,active,2025-10-05,
acct_297a3638,growth,monthly,intercom,4,596,active,2024-02-22,
acct_2a12fdb9,scale,monthly,intercom,10,1663,cancelled,2025-01-18,2025-08-06T10:00:00
acct_2a82360f,growth,annual,zendesk,7,869,active,2024-01-07,
acct_2a8df8ee,scale,annual,freshdesk,9,1247,cancelled,2024-01-03,2024-07-18T09:00:00
acct_2ad085b2,growth,annual,intercom,6,745,cancelled,2024-09-18,2024-12-12T12:00:00
acct_2b71d374,starter,annual,freshdesk,3,122,active,2025-06-23,
acct_2ba8df0c,starter,monthly,freshdesk,3,147,cancelled,2024-12-21,2025-07-17T13:00:00
acct_2c041bfc,starter,monthly,gorgias,3,147,active,2025-01-10,
acct_2c2bf6fd,scale,monthly,intercom,25,4158,active,2024-08-24,
acct_2cbcc6d7,growth,monthly,intercom,8,1192,cancelled,2025-07-24,2025-11-17T16:00:00
acct_2d6c2d92,growth,monthly,gorgias,3,447,cancelled,2024-01-31,2024-10-31T14:00:00
acct_2d8affd5,scale,monthly,freshdesk,25,4158,cancelled,2024-02-17,2024-04-06T14:00:00
acct_2d97894d,starter,monthly,freshdesk,3,147,cancelled,2024-02-06,2024-03-14T14:00:00
acct_2de4c93b,starter,monthly,intercom,2,98,active,2024-12-31,
acct_2df6950f,starter,monthly,zendesk,2,98,active,2025-10-11,
acct_2e00eed5,starter,annual,intercom,3,122,active,2025-09-09,
acct_2e150cd0,growth,monthly,freshdesk,7,1043,cancelled,2024-11-30,2025-07-17T12:00:00
acct_2e1fef9c,starter,annual,gorgias,3,122,cancelled,2024-04-23,2025-10-16T15:00:00
acct_2e4fdc44,starter,monthly,zendesk,3,147,cancelled,2024-02-01,2024-07-13T17:00:00
acct_2e96dcae,growth,monthly,zendesk,5,745,cancelled,2024-02-10,2024-08-30T11:00:00
acct_2edf1dae,starter,monthly,freshdesk,2,98,cancelled,2024-01-15,2024-08-31T13:00:00
acct_2f2f1f24,starter,monthly,intercom,1,49,cancelled,2024-02-01,2025-02-06T10:00:00
acct_2f822db4,scale,monthly,freshdesk,22,3659,cancelled,2024-05-03,2025-01-30T13:00:00
acct_2f9fb22b,scale,annual,zendesk,21,2910,cancelled,2025-06-21,2025-09-12T12:00:00
acct_2fc55f19,scale,monthly,intercom,35,5821,active,2025-08-25,
acct_2fdea3d9,scale,annual,freshdesk,30,4158,cancelled,2024-01-24,2025-03-26T15:00:00
acct_300e62c1,starter,monthly,intercom,2,98,cancelled,2024-01-29,2024-11-21T11:00:00
acct_30134a58,growth,monthly,gorgias,7,1043,cancelled,2024-12-24,2025-08-10T11:00:00
acct_3013d70d,starter,monthly,intercom,2,98,cancelled,2024-02-15,2024-10-11T09:00:00
acct_30493096,growth,monthly,freshdesk,7,1043,active,2024-08-01,
acct_30930d55,growth,monthly,gorgias,6,894,cancelled,2024-01-05,2024-12-30T13:00:00
acct_313ffce2,starter,monthly,intercom,1,49,cancelled,2024-09-07,2025-04-26T10:00:00
acct_3162b4fd,growth,annual,intercom,9,1117,cancelled,2024-06-17,2025-03-15T10:00:00
acct_31a279ec,starter,monthly,intercom,1,49,cancelled,2024-03-23,2024-12-15T17:00:00
acct_31c21718,starter,monthly,freshdesk,3,147,cancelled,2024-06-25,2025-02-08T12:00:00
acct_3208f944,scale,monthly,gorgias,34,5655,cancelled,2024-02-03,2024-08-27T16:00:00
acct_32426e02,starter,monthly,zendesk,3,147,cancelled,2024-01-18,2025-06-10T15:00:00
acct_3328acbc,starter,monthly,intercom,2,98,cancelled,2024-02-12,2024-10-05T11:00:00
acct_3337d32e,starter,monthly,gorgias,1,49,cancelled,2024-01-16,2024-09-01T12:00:00
acct_33489e68,starter,monthly,zendesk,3,147,cancelled,2024-02-21,2024-10-24T09:00:00
acct_3376d04f,starter,monthly,intercom,3,147,active,2025-08-16,
acct_337b7086,starter,monthly,freshdesk,1,49,cancelled,2024-01-04,2024-09-06T11:00:00
acct_338c1ab5,starter,monthly,gorgias,3,147,active,2025-09-10,
acct_3474bbe1,starter,monthly,intercom,1,49,cancelled,2024-12-27,2025-08-07T12:00:00
acct_35b802f0,starter,annual,gorgias,3,122,cancelled,2024-01-01,2024-10-24T09:00:00
acct_35df331c,starter,monthly,gorgias,2,98,cancelled,2025-05-03,2025-11-05T16:00:00
acct_3682fadd,growth,monthly,gorgias,10,1490,cancelled,2024-07-19,2024-11-21T13:00:00
acct_36e723e0,scale,annual,gorgias,12,1663,cancelled,2024-01-28,2025-06-09T13:00:00
acct_37467577,starter,annual,intercom,2,81,cancelled,2024-01-21,2024-08-31T16:00:00
acct_37925430,growth,annual,intercom,4,496,cancelled,2024-07-26,2025-04-09T17:00:00
acct_37a166bd,growth,monthly,zendesk,8,1192,cancelled,2025-01-12,2025-06-18T15:00:00
acct_37db7b52,starter,monthly,freshdesk,2,98,cancelled,2024-02-02,2024-08-19T09:00:00
acct_38aad469,growth,annual,gorgias,10,1241,cancelled,2024-02-03,2024-12-04T13:00:00
acct_3907b553,starter,monthly,gorgias,3,147,active,2025-10-22,
acct_3ae38d66,scale,monthly,freshdesk,35,5821,active,2024-03-09,
acct_3ae8d16c,growth,monthly,intercom,9,1341,cancelled,2024-02-13,2024-09-09T16:00:00
acct_3af9a9bb,starter,monthly,zendesk,3,147,cancelled,2024-02-05,2024-07-12T11:00:00
acct_3b050b4a,growth,annual,freshdesk,4,496,cancelled,2024-02-25,2024-10-09T11:00:00
acct_3b769239,starter,monthly,intercom,1,49,cancelled,2024-02-27,2024-04-29T15:00:00
acct_3b8cbb43,starter,monthly,freshdesk,2,98,cancelled,2024-02-18,2024-10-18T10:00:00
acct_3bad5d30,starter,monthly,gorgias,2,98,active,2025-08-05,
acct_3bc2af10,growth,annual,freshdesk,8,993,cancelled,2024-02-01,2024-11-08T12:00:00
acct_3bd4cade,growth,monthly,freshdesk,5,745,active,2025-08-03,
acct_3cc6de4a,starter,monthly,intercom,3,147,cancelled,2025-01-07,2025-08-04T12:00:00
acct_3d316fcc,starter,monthly,zendesk,1,49,cancelled,2024-11-20,2025-09-29T15:00:00
acct_3d35b693,starter,monthly,zendesk,2,98,cancelled,2024-01-10,2025-02-07T11:00:00
acct_3d5e6282,scale,annual,gorgias,17,2355,cancelled,2025-05-09,2025-11-18T14:00:00
acct_3d70aa3a,starter,monthly,zendesk,1,49,cancelled,2024-10-21,2025-10-07T10:00:00
acct_3dca9762,growth,annual,intercom,6,745,active,2024-02-07,
acct_3e007634,growth,monthly,freshdesk,9,1341,cancelled,2025-03-26,2025-10-26T13:00:00
acct_3e04a612,scale,monthly,freshdesk,40,6653,active,2024-04-21,
acct_3e412305,scale,monthly,gorgias,19,3160,cancelled,2024-02-22,2024-05-07T10:00:00
acct_3e488930,starter,monthly,gorgias,1,49,cancelled,2024-05-21,2024-11-19T10:00:00
acct_3eeb6098,scale,annual,intercom,21,2910,cancelled,2024-07-06,2024-12-30T09:00:00
acct_3effb7ad,scale,annual,intercom,26,3603,cancelled,2024-02-06,2025-08-10T11:00:00
acct_3f061f2c,growth,monthly,gorgias,7,1043,cancelled,2024-07-31,2025-02-05T16:00:00
acct_3f161f88,starter,monthly,gorgias,1,49,cancelled,2024-02-13,2024-10-08T15:00:00
acct_3f3a51e7,scale,annual,intercom,30,4158,active,2024-02-04,
acct_3f656a89,scale,monthly,gorgias,24,3992,active,2025-08-29,
acct_3ff83572,scale,monthly,zendesk,30,4990,cancelled,2024-02-14,2024-10-29T15:00:00
acct_406783b8,growth,monthly,intercom,8,1192,cancelled,2024-01-05,2024-07-30T12:00:00
acct_408d5f39,starter,monthly,gorgias,2,98,cancelled,2024-01-05,2024-05-20T14:00:00
acct_41acd2a5,starter,annual,intercom,2,81,cancelled,2024-01-04,2024-10-28T10:00:00
acct_42537923,starter,monthly,gorgias,1,49,active,2025-11-10,
acct_4258d161,starter,monthly,gorgias,3,147,cancelled,2024-09-19,2025-03-15T11:00:00
acct_42af3acb,starter,annual,intercom,2,81,cancelled,2024-07-13,2024-10-06T10:00:00
acct_431c82c4,growth,monthly,freshdesk,9,1341,cancelled,2024-01-13,2025-01-05T16:00:00
acct_434540ad,growth,monthly,freshdesk,5,745,cancelled,2024-02-23,2024-10-14T10:00:00
acct_440a71a8,starter,monthly,freshdesk,1,49,cancelled,2025-09-14,2025-11-01T11:00:00
acct_44775e54,starter,monthly,gorgias,2,98,cancelled,2024-01-01,2024-08-08T13:00:00
acct_44810acd,scale,monthly,freshdesk,13,2162,cancelled,2024-06-21,2025-02-07T16:00:00
acct_44d3e4b1,scale,annual,freshdesk,35,4850,cancelled,2024-10-11,2025-01-06T11:00:00
acct_4542fe1f,starter,monthly,freshdesk,1,49,active,2025-06-12,
acct_45d6ec2a,growth,monthly,freshdesk,10,1490,cancelled,2024-01-13,2024-03-29T11:00:00
acct_46b3799b,starter,monthly,freshdesk,3,147,cancelled,2024-02-21,2024-08-11T17:00:00
acct_4702bc6b,scale,annual,zendesk,35,4850,cancelled,2024-01-28,2025-10-02T11:00:00
acct_473b6de8,growth,monthly,gorgias,8,1192,active,2025-08-08,
acct_478a1abb,growth,monthly,zendesk,5,745,cancelled,2024-03-20,2024-05-11T15:00:00
acct_4797a6bf,starter,monthly,gorgias,1,49,active,2025-06-24,
acct_4797e23b,starter,annual,freshdesk,1,40,cancelled,2024-02-25,2024-10-30T15:00:00
acct_47e21872,growth,monthly,gorgias,3,447,cancelled,2024-01-04,2024-05-15T14:00:00
acct_482081a4,starter,monthly,zendesk,1,49,cancelled,2024-12-14,2025-10-26T17:00:00
acct_489ca162,scale,monthly,intercom,22,3659,cancelled,2024-01-29,2024-07-08T12:00:00
acct_496d017b,starter,monthly,intercom,3,147,cancelled,2024-02-18,2024-07-12T11:00:00
acct_4ab1a95d,growth,monthly,gorgias,3,447,cancelled,2024-07-20,2024-10-27T11:00:00
acct_4ab2cccf,starter,annual,intercom,3,122,cancelled,2024-05-10,2024-12-13T09:00:00
acct_4ad0e0f7,growth,monthly,gorgias,7,1043,cancelled,2024-02-21,2024-08-15T10:00:00
acct_4ad21597,scale,monthly,intercom,36,5988,cancelled,2024-02-01,2024-07-02T10:00:00
acct_4b3b332d,scale,monthly,intercom,13,2162,cancelled,2024-04-16,2024-12-12T17:00:00
acct_4b3d6f06,starter,annual,zendesk,1,40,active,2025-07-28,
acct_4be22488,starter,monthly,intercom,1,49,active,2025-05-21,
acct_4bf98dd4,starter,monthly,freshdesk,1,49,cancelled,2024-03-03,2024-07-22T10:00:00
acct_4bfac409,starter,monthly,intercom,2,98,cancelled,2024-05-13,2024-12-21T16:00:00
acct_4c2075b8,scale,annual,zendesk,32,4435,cancelled,2024-01-03,2025-07-15T17:00:00
acct_4c80bc76,scale,monthly,zendesk,13,2162,cancelled,2024-01-17,2024-10-22T17:00:00
acct_4d931910,starter,monthly,zendesk,1,49,cancelled,2024-02-21,2024-11-13T10:00:00
acct_4da21416,scale,annual,gorgias,32,4435,active,2025-07-16,
acct_4db061ef,scale,monthly,intercom,32,5322,cancelled,2024-01-09,2024-10-18T10:00:00
acct_4dfe6473,scale,annual,intercom,25,3465,cancelled,2024-07-23,2025-05-31T13:00:00
acct_4e53d04c,scale,monthly,freshdesk,33,5489,active,2025-11-07,
acct_4e6be6f9,starter,monthly,freshdesk,2,98,active,2025-08-26,
acct_4eefdfde,starter,monthly,freshdesk,2,98,cancelled,2024-12-17,2025-08-30T15:00:00
acct_4f1e6bb4,growth,annual,gorgias,3,372,cancelled,2024-01-11,2025-10-11T11:00:00
acct_4f320089,growth,monthly,freshdesk,6,894,active,2024-02-01,
acct_4f37c791,growth,monthly,freshdesk,6,894,cancelled,2024-07-21,2025-09-17T10:00:00
acct_4fc1ea13,starter,monthly,gorgias,1,49,cancelled,2024-02-10,2024-07-23T11:00:00
acct_4ff1e51b,scale,annual,zendesk,14,1940,active,2024-01-22,
acct_50eb67b3,starter,monthly,intercom,2,98,cancelled,2024-01-13,2024-07-18T13:00:00
acct_50ff806e,starter,monthly,zendesk,2,98,cancelled,2024-01-08,2024-04-24T16:00:00
acct_512c42b6,starter,monthly,freshdesk,1,49,cancelled,2024-02-07,2025-01-23T09:00:00
acct_5187ff9f,starter,monthly,zendesk,3,147,cancelled,2024-12-20,2025-02-19T16:00:00
acct_518ff93b,starter,monthly,freshdesk,1,49,cancelled,2024-01-21,2024-08-18T10:00:00
acct_529d9f40,growth,annual,freshdesk,3,372,active,2025-04-03,
acct_52dc2835,growth,monthly,intercom,3,447,cancelled,2024-03-24,2024-11-29T16:00:00
acct_52de0938,scale,annual,zendesk,24,3326,active,2024-04-29,
acct_536538ea,starter,annual,freshdesk,3,122,cancelled,2024-03-10,2024-09-06T10:00:00
acct_53c6c2ef,starter,monthly,intercom,3,147,active,2025-09-06,
acct_53cc89fe,starter,monthly,freshdesk,3,147,cancelled,2024-11-17,2025-04-16T10:00:00
acct_53d509fb,starter,annual,gorgias,2,81,cancelled,2024-11-18,2025-06-03T17:00:00
acct_543ba0ba,growth,annual,gorgias,8,993,cancelled,2024-06-24,2025-02-02T10:00:00
acct_5470db7b,scale,monthly,freshdesk,38,6320,active,2025-04-27,
acct_54ff043f,scale,monthly,gorgias,38,6320,active,2025-09-23,
acct_5535013b,starter,monthly,zendesk,1,49,cancelled,2024-01-18,2025-03-27T12:00:00
acct_55501e30,starter,monthly,zendesk,1,49,cancelled,2024-01-09,2024-07-25T11:00:00
acct_557a3864,starter,monthly,intercom,1,49,cancelled,2024-01-15,2024-09-26T14:00:00
acct_55bb5415,growth,monthly,zendesk,5,745,cancelled,2024-04-07,2025-02-04T09:00:00
acct_55c13b50,growth,monthly,gorgias,10,1490,cancelled,2024-01-30,2024-07-29T09:00:00
acct_560af3b6,starter,monthly,freshdesk,1,49,cancelled,2024-02-16,2024-09-23T13:00:00
acct_562fbb0c,scale,monthly,freshdesk,20,3326,cancelled,2024-05-20,2025-10-03T14:00:00
acct_56504cc4,growth,monthly,zendesk,3,447,cancelled,2024-01-04,2024-03-30T12:00:00
acct_570c730f,growth,annual,intercom,5,620,cancelled,2024-01-05,2025-06-19T16:00:00
acct_570d3ecf,growth,monthly,freshdesk,10,1490,cancelled,2024-01-01,2024-10-07T17:00:00
acct_57230b3f,starter,monthly,freshdesk,2,98,cancelled,2025-02-03,2025-08-17T13:00:00
acct_58071db9,growth,annual,gorgias,4,496,cancelled,2024-02-15,2024-08-30T17:00:00
acct_58213684,starter,monthly,gorgias,1,49,cancelled,2024-01-31,2024-07-02T11:00:00
acct_5865be29,starter,monthly,freshdesk,3,147,active,2024-02-23,
acct_5876b0b4,starter,monthly,zendesk,3,147,cancelled,2024-09-15,2025-04-09T15:00:00
acct_587a017e,starter,monthly,zendesk,1,49,cancelled,2024-01-17,2025-04-04T12:00:00
acct_588c836b,starter,monthly,intercom,1,49,cancelled,2025-02-04,2025-07-03T10:00:00
acct_58b26511,growth,monthly,freshdesk,10,1490,cancelled,2024-04-04,2024-11-15T16:00:00
acct_597503bf,growth,monthly,gorgias,3,447,cancelled,2024-01-15,2024-06-02T13:00:00
acct_599480f4,growth,monthly,freshdesk,6,894,cancelled,2024-01-09,2025-02-01T13:00:00
acct_59954b42,growth,monthly,gorgias,3,447,active,2025-09-21,
acct_59c2f52c,growth,monthly,freshdesk,3,447,cancelled,2024-07-22,2025-02-21T12:00:00
acct_5a67f359,scale,monthly,gorgias,33,5489,cancelled,2024-09-28,2025-04-03T17:00:00
acct_5a8127f8,starter,monthly,freshdesk,1,49,cancelled,2024-02-17,2024-08-14T17:00:00
acct_5aad16e2,starter,monthly,zendesk,3,147,cancelled,2024-02-05,2024-10-03T12:00:00
acct_5ab4a8d3,starter,monthly,freshdesk,3,147,cancelled,2024-11-05,2025-08-21T09:00:00
acct_5ada285d,growth,monthly,gorgias,7,1043,cancelled,2024-01-24,2024-08-14T10:00:00
acct_5b5138d0,starter,monthly,intercom,2,98,cancelled,2024-01-19,2024-07-13T09:00:00
acct_5b5c550c,scale,annual,zendesk,13,1801,active,2024-12-02,
acct_5b97eca0,starter,monthly,gorgias,2,98,cancelled,2024-10-12,2025-04-28T13:00:00
acct_5bbfa75f,starter,monthly,zendesk,3,147,past_due,2025-10-24,
acct_5be6006e,starter,monthly,zendesk,1,49,cancelled,2024-02-24,2024-10-30T12:00:00
acct_5c91f869,starter,annual,intercom,1,40,cancelled,2024-02-18,2025-02-23T16:00:00
acct_5d8ebb84,scale,annual,gorgias,22,3049,active,2025-08-23,
acct_5ddf5865,growth,monthly,intercom,5,745,cancelled,2024-01-27,2024-10-23T10:00:00
acct_5e2f1181,growth,monthly,gorgias,4,596,cancelled,2024-04-10,2024-11-06T14:00:00
acct_5e2f1f1a,starter,annual,zendesk,3,122,cancelled,2024-01-06,2024-12-12T15:00:00
acct_5e56ac0c,starter,monthly,freshdesk,3,147,cancelled,2024-01-03,2024-06-11T12:00:00
acct_5ead07e8,growth,monthly,gorgias,6,894,cancelled,2025-06-10,2025-09-05T11:00:00
acct_5f44f7e8,growth,monthly,intercom,5,745,cancelled,2024-01-29,2024-07-27T10:00:00
acct_5f4aa06b,scale,annual,gorgias,39,5405,active,2025-06-04,
acct_5f6be90e,starter,monthly,freshdesk,1,49,cancelled,2024-02-22,2024-10-13T13:00:00
acct_5fb3b8d2,starter,monthly,gorgias,3,147,cancelled,2024-02-03,2024-09-26T09:00:00
acct_60174a4d,starter,monthly,freshdesk,2,98,cancelled,2025-03-06,2025-04-21T11:00:00
acct_607a4f39,starter,monthly,freshdesk,1,49,active,2025-02-02,
acct_609df45f,starter,monthly,gorgias,3,147,active,2025-04-07,
acct_60a12700,starter,monthly,intercom,1,49,active,2025-05-06,
acct_60c3282f,scale,annual,zendesk,36,4990,active,2025-01-04,
acct_60cdac29,starter,monthly,zendesk,1,49,cancelled,2024-08-12,2025-03-25T13:00:00
acct_60de50c7,scale,monthly,intercom,34,5655,active,2025-06-05,
acct_60e1079e,growth,monthly,freshdesk,5,745,cancelled,2024-08-21,2025-05-16T12:00:00
acct_611153a9,growth,monthly,zendesk,8,1192,cancelled,2025-04-16,2025-06-15T09:00:00
acct_61635eda,growth,monthly,freshdesk,3,447,active,2024-11-14,
acct_61efe938,growth,monthly,freshdesk,8,1192,cancelled,2025-01-24,2025-09-21T11:00:00
acct_624c520e,starter,monthly,gorgias,1,49,cancelled,2024-04-28,2024-10-16T14:00:00
acct_6282c916,growth,annual,freshdesk,4,496,active,2025-08-21,
acct_62b2bed1,starter,monthly,intercom,1,49,cancelled,2024-01-17,2024-09-29T16:00:00
acct_62c14d2d,scale,annual,zendesk,33,4574,cancelled,2024-01-05,2025-01-30T12:00:00
acct_62ca2704,starter,annual,zendesk,1,40,cancelled,2024-02-05,2024-12-10T11:00:00
acct_62d83fb8,starter,monthly,freshdesk,1,49,active,2025-04-21,
acct_62ef8d73,starter,monthly,zendesk,1,49,cancelled,2024-06-22,2024-12-31T13:00:00
acct_63a7da25,starter,monthly,intercom,2,98,cancelled,2025-08-15,2025-09-25T13:00:00
acct_63bd6067,starter,monthly,intercom,1,49,active,2025-07-26,
acct_63ccc949,starter,monthly,freshdesk,2,98,cancelled,2024-03-19,2024-11-17T11:00:00
acct_641bb5b9,starter,monthly,zendesk,1,49,active,2025-01-14,
acct_64b128dc,growth,monthly,gorgias,5,745,cancelled,2024-02-25,2025-04-22T16:00:00
acct_6532ea22,starter,monthly,intercom,3,147,active,2025-09-28,
acct_6550d4db,starter,monthly,freshdesk,2,98,active,2025-09-22,
acct_65bacf92,starter,monthly,zendesk,2,98,active,2025-06-15,
acct_667e98e3,starter,monthly,zendesk,1,49,cancelled,2024-11-26,2025-09-10T17:00:00
acct_66aeff35,growth,monthly,intercom,3,447,cancelled,2024-03-21,2025-06-27T09:00:00
acct_66d48d26,scale,monthly,gorgias,16,2661,cancelled,2024-01-10,2024-09-07T16:00:00
acct_6749595a,scale,monthly,freshdesk,11,1829,active,2025-02-21,
acct_677f4c76,starter,annual,intercom,2,81,past_due,2025-10-21,
acct_67a4202b,scale,monthly,zendesk,20,3326,cancelled,2024-02-21,2025-01-06T11:00:00
acct_687628e9,starter,monthly,gorgias,3,147,cancelled,2024-11-15,2025-07-03T16:00:00
acct_68bae8ee,starter,monthly,freshdesk,3,147,cancelled,2024-03-14,2025-01-09T15:00:00
acct_68bee84d,starter,monthly,intercom,2,98,cancelled,2024-01-12,2024-08-08T11:00:00
acct_68fb9abf,starter,monthly,freshdesk,3,147,cancelled,2024-08-31,2025-07-30T14:00:00
acct_6950a2ae,growth,annual,zendesk,9,1117,cancelled,2024-02-26,2025-03-04T17:00:00
acct_69e339a4,starter,monthly,zendesk,2,98,cancelled,2025-02-10,2025-06-18T16:00:00
acct_6a00ce30,starter,monthly,intercom,2,98,cancelled,2024-02-22,2024-10-08T10:00:00
acct_6a372f71,starter,monthly,gorgias,2,98,cancelled,2024-01-11,2024-08-13T14:00:00
acct_6aaa5c97,starter,monthly,gorgias,3,147,cancelled,2025-01-27,2025-07-22T10:00:00
acct_6ae57cfd,starter,monthly,freshdesk,1,49,active,2025-05-31,
acct_6c41eb7d,scale,monthly,intercom,15,2495,active,2024-02-15,
acct_6c9c19d7,starter,monthly,freshdesk,3,147,cancelled,2024-01-31,2025-08-19T12:00:00
acct_6cbc257d,growth,monthly,freshdesk,3,447,cancelled,2025-03-23,2025-05-14T12:00:00
acct_6cda492d,growth,annual,freshdesk,6,745,cancelled,2024-01-19,2024-06-29T15:00:00
acct_6d5a6151,scale,annual,intercom,39,5405,cancelled,2025-07-11,2025-09-23T09:00:00
acct_6e072f79,starter,monthly,gorgias,2,98,active,2024-11-19,
acct_6e08a2ae,growth,monthly,zendesk,10,1490,active,2024-12-03,
acct_6f26008c,starter,monthly,zendesk,3,147,cancelled,2024-02-23,2025-04-26T10:00:00
acct_6f2b146f,growth,annual,zendesk,9,1117,active,2025-07-18,
acct_6f48490a,growth,monthly,zendesk,9,1341,active,2025-05-05,
acct_6fc0b54f,growth,monthly,zendesk,3,447,cancelled,2024-12-18,2025-01-19T14:00:00
acct_6ff6c08c,starter,monthly,gorgias,3,147,active,2025-07-15,
acct_7071b243,starter,monthly,freshdesk,1,49,cancelled,2024-02-09,2024-10-13T15:00:00
acct_70c902db,growth,monthly,gorgias,10,1490,cancelled,2024-02-22,2024-08-05T13:00:00
acct_71524fb2,starter,monthly,freshdesk,1,49,active,2025-10-26,
acct_720e1aff,scale,annual,gorgias,11,1524,active,2024-02-02,
acct_72c38699,starter,monthly,intercom,1,49,cancelled,2024-01-11,2024-07-24T17:00:00
acct_738f8750,starter,monthly,freshdesk,3,147,cancelled,2024-01-01,2024-08-11T10:00:00
acct_7395e5d0,starter,monthly,zendesk,1,49,cancelled,2024-08-10,2025-05-29T13:00:00
acct_73a4cad3,scale,annual,gorgias,33,4574,active,2025-03-30,
acct_73f42e1f,starter,monthly,freshdesk,3,147,cancelled,2024-07-08,2024-10-02T17:00:00
acct_740707a4,starter,monthly,zendesk,1,49,cancelled,2024-01-14,2025-03-04T10:00:00
acct_743341c8,growth,monthly,intercom,5,745,active,2025-06-17,
acct_745a6271,starter,monthly,gorgias,3,147,cancelled,2024-02-21,2025-08-24T16:00:00
acct_748c56c3,starter,monthly,gorgias,3,147,cancelled,2024-02-10,2024-07-14T09:00:00
acct_75697561,growth,monthly,zendesk,6,894,active,2024-08-30,
acct_75aa5a12,starter,monthly,intercom,1,49,cancelled,2024-10-06,2025-06-05T16:00:00
acct_75f117ab,scale,monthly,intercom,10,1663,active,2025-10-02,
acct_763ce184,starter,monthly,zendesk,1,49,cancelled,2024-02-29,2025-05-13T12:00:00
acct_76794231,scale,monthly,freshdesk,25,4158,cancelled,2024-01-28,2025-03-30T12:00:00
acct_7721e58b,growth,annual,gorgias,7,869,cancelled,2024-02-09,2024-06-22T10:00:00
acct_786de48c,starter,annual,freshdesk,2,81,cancelled,2024-12-01,2025-08-05T09:00:00
acct_7934dd8f,scale,monthly,gorgias,30,4990,active,2024-02-21,
acct_7b0149a3,growth,monthly,freshdesk,10,1490,active,2024-01-31,
acct_7b9a7d1c,growth,monthly,gorgias,5,745,cancelled,2024-08-15,2025-02-02T09:00:00
acct_7baa5d5b,growth,monthly,intercom,4,596,active,2024-12-08,
acct_7bcf1649,growth,monthly,gorgias,8,1192,cancelled,2024-02-15,2024-08-29T11:00:00
acct_7cf02d02,starter,monthly,intercom,1,49,cancelled,2024-01-22,2024-07-27T09:00:00
acct_7d156be5,scale,monthly,gorgias,19,3160,cancelled,2024-02-24,2024-10-25T17:00:00
acct_7dd7612f,starter,annual,gorgias,2,81,active,2025-09-20,
acct_7deca4e3,starter,monthly,gorgias,2,98,cancelled,2024-04-18,2024-09-15T09:00:00
acct_7dfaf9db,growth,annual,freshdesk,4,496,active,2025-04-15,
acct_7e466c33,scale,annual,freshdesk,18,2495,cancelled,2024-10-29,2025-05-05T14:00:00
acct_7e533921,growth,monthly,zendesk,3,447,cancelled,2024-06-09,2024-12-27T15:00:00
acct_7e8e910b,growth,annual,intercom,5,620,active,2025-09-03,
acct_7e98d021,growth,annual,freshdesk,6,745,cancelled,2024-01-09,2024-10-11T12:00:00
acct_7efcf03a,starter,monthly,zendesk,3,147,active,2025-11-13,
acct_7f359e91,starter,monthly,intercom,2,98,cancelled,2024-01-30,2024-07-25T10:00:00
acct_7f4e969a,growth,monthly,freshdesk,3,447,past_due,2025-09-08,
acct_7f50731a,scale,annual,zendesk,39,5405,cancelled,2024-01-05,2025-06-08T15:00:00
acct_7f647a6b,growth,monthly,zendesk,10,1490,cancelled,2024-08-03,2025-05-14T15:00:00
acct_7f756cd3,growth,annual,intercom,7,869,active,2024-10-25,
acct_7fb75e2a,growth,monthly,intercom,4,596,cancelled,2024-10-15,2025-04-15T14:00:00
acct_8014a8c3,growth,monthly,gorgias,7,1043,cancelled,2024-01-28,2024-09-28T10:00:00
acct_80475f63,growth,monthly,freshdesk,3,447,cancelled,2024-01-04,2025-11-06T15:00:00
acct_80b45b9a,growth,monthly,intercom,10,1490,cancelled,2024-01-23,2024-07-06T11:00:00
acct_80ba334e,starter,monthly,intercom,3,147,cancelled,2024-01-31,2024-08-23T09:00:00
acct_8148805f,growth,monthly,gorgias,5,745,cancelled,2024-01-30,2024-08-17T17:00:00
acct_81aca38d,growth,monthly,freshdesk,8,1192,active,2025-02-20,
acct_81c33ecd,growth,monthly,zendesk,3,447,cancelled,2024-01-13,2024-07-25T11:00:00
acct_8242e83e,growth,monthly,intercom,3,447,cancelled,2024-02-12,2024-09-23T17:00:00
acct_82d15506,growth,monthly,gorgias,4,596,cancelled,2024-04-02,2025-04-13T14:00:00
acct_83bf288d,growth,monthly,gorgias,8,1192,active,2025-06-22,
acct_8400c319,growth,annual,freshdesk,4,496,cancelled,2024-01-20,2025-01-30T09:00:00
acct_8423da4b,starter,monthly,zendesk,1,49,cancelled,2024-01-10,2024-06-29T17:00:00
acct_8448e48f,starter,monthly,gorgias,3,147,active,2025-08-07,
acct_844f019a,scale,annual,intercom,16,2217,active,2024-01-11,
acct_846a02fb,scale,monthly,freshdesk,25,4158,active,2025-11-04,
acct_84f98992,starter,annual,freshdesk,2,81,active,2025-06-28,
acct_855e0ea6,growth,annual,freshdesk,10,1241,cancelled,2024-02-23,2024-11-09T16:00:00
acct_856626a1,starter,monthly,zendesk,1,49,cancelled,2024-09-09,2025-02-28T14:00:00
acct_8584c5ad,starter,monthly,gorgias,1,49,cancelled,2024-01-09,2024-10-31T15:00:00
acct_85b84cb2,scale,monthly,zendesk,24,3992,cancelled,2024-09-01,2025-03-16T11:00:00
acct_8737eac8,starter,annual,freshdesk,3,122,cancelled,2025-03-12,2025-11-03T15:00:00
acct_877172df,starter,monthly,freshdesk,2,98,cancelled,2024-06-08,2024-09-22T16:00:00
acct_87c6b950,scale,annual,intercom,11,1524,active,2025-08-13,
acct_87c9600c,scale,annual,gorgias,23,3187,cancelled,2024-01-18,2024-09-17T16:00:00
acct_87df04cf,scale,annual,intercom,38,5266,cancelled,2024-02-05,2025-10-15T12:00:00
acct_881a279e,scale,annual,freshdesk,8,1108,cancelled,2024-01-06,2025-10-01T17:00:00
acct_8838afc2,starter,monthly,intercom,1,49,cancelled,2024-07-11,2025-03-18T13:00:00
acct_885f8f1d,scale,annual,freshdesk,10,1385,active,2025-11-11,
acct_8863b4c3,growth,monthly,freshdesk,7,1043,cancelled,2024-10-02,2025-05-04T13:00:00
acct_88acc8b6,starter,monthly,zendesk,2,98,cancelled,2024-01-16,2024-09-04T12:00:00
acct_89766391,growth,monthly,intercom,5,745,cancelled,2024-01-10,2025-08-24T16:00:00
acct_89af9a66,starter,monthly,zendesk,1,49,cancelled,2024-01-17,2024-11-03T15:00:00
acct_89feab94,scale,monthly,zendesk,14,2328,cancelled,2024-08-19,2025-03-16T15:00:00
acct_8a1820e8,starter,monthly,intercom,3,147,cancelled,2024-02-06,2024-03-10T16:00:00
acct_8a736be1,growth,annual,intercom,5,620,cancelled,2024-02-06,2024-03-23T09:00:00
acct_8b3c3f51,scale,annual,zendesk,26,3603,cancelled,2024-01-24,2024-10-25T10:00:00
acct_8c540c3a,starter,monthly,freshdesk,1,49,cancelled,2024-01-12,2024-03-06T09:00:00
acct_8c647d2d,starter,monthly,gorgias,3,147,cancelled,2025-03-16,2025-09-08T14:00:00
acct_8c822fd8,starter,annual,intercom,1,40,cancelled,2024-01-02,2024-05-20T14:00:00
acct_8c97720f,scale,monthly,freshdesk,8,1330,cancelled,2024-01-14,2024-08-17T12:00:00
acct_8cc49d7b,starter,monthly,intercom,2,98,cancelled,2024-02-06,2024-11-14T16:00:00
acct_8d3cf134,scale,monthly,gorgias,22,3659,cancelled,2024-06-07,2024-12-29T15:00:00
acct_8d767a19,scale,annual,gorgias,31,4296,active,2024-11-04,
acct_8dd17beb,starter,monthly,intercom,1,49,cancelled,2024-06-11,2025-05-15T14:00:00
acct_8e30a95e,starter,monthly,intercom,1,49,cancelled,2024-02-06,2025-02-27T14:00:00
acct_8e88a4e0,starter,monthly,gorgias,1,49,cancelled,2024-09-11,2025-05-15T16:00:00
acct_8f0fe9cb,starter,monthly,zendesk,2,98,active,2025-05-19,
acct_8f20af1b,starter,monthly,intercom,1,49,active,2025-04-25,
acct_8f87c530,scale,annual,gorgias,28,3880,cancelled,2024-01-27,2024-08-09T14:00:00
acct_8fa52406,growth,monthly,zendesk,4,596,cancelled,2024-01-17,2024-07-03T09:00:00
acct_8fcf9ae4,starter,monthly,freshdesk,2,98,cancelled,2024-06-20,2025-01-02T12:00:00
acct_8ff4e56a,growth,monthly,freshdesk,5,745,cancelled,2024-02-05,2024-11-02T16:00:00
acct_901b4f9a,starter,monthly,intercom,1,49,cancelled,2024-05-02,2025-04-23T10:00:00
acct_901f1068,starter,monthly,zendesk,1,49,cancelled,2024-06-13,2024-11-06T12:00:00
acct_90765237,starter,monthly,intercom,1,49,cancelled,2025-07-13,2025-09-02T17:00:00
acct_908b21fd,growth,monthly,intercom,3,447,cancelled,2024-02-25,2024-08-14T15:00:00
acct_90bb4901,starter,monthly,gorgias,3,147,cancelled,2024-05-04,2025-03-26T15:00:00
acct_90bf8df8,starter,monthly,zendesk,1,49,cancelled,2024-02-06,2024-04-01T15:00:00
acct_90df2d81,growth,monthly,freshdesk,8,1192,cancelled,2025-06-01,2025-11-08T09:00:00
acct_911b55b5,growth,monthly,gorgias,9,1341,cancelled,2024-12-07,2025-07-27T13:00:00
acct_9135d623,growth,monthly,gorgias,7,1043,cancelled,2025-03-18,2025-10-08T16:00:00
acct_91702026,starter,annual,gorgias,2,81,cancelled,2024-01-17,2025-02-05T11:00:00
acct_9184b558,growth,monthly,zendesk,10,1490,active,2025-04-08,
acct_924144d2,starter,annual,gorgias,3,122,active,2025-01-22,
acct_92549ac3,growth,monthly,zendesk,6,894,cancelled,2024-02-22,2024-08-19T17:00:00
acct_92a97cda,starter,monthly,zendesk,1,49,cancelled,2024-09-21,2025-06-15T14:00:00
acct_9367201e,starter,monthly,zendesk,1,49,cancelled,2024-06-14,2024-12-21T11:00:00
acct_9399d35d,growth,monthly,intercom,6,894,cancelled,2024-02-12,2024-06-23T17:00:00
acct_93db30dd,growth,monthly,gorgias,3,447,cancelled,2024-01-17,2024-06-07T15:00:00
acct_93e5bf55,growth,monthly,intercom,7,1043,cancelled,2024-01-16,2025-05-13T14:00:00
acct_94b4daff,growth,monthly,zendesk,10,1490,active,2025-08-06,
acct_96fc5bec,starter,monthly,zendesk,3,147,active,2025-06-09,
acct_9739c4f2,starter,monthly,intercom,1,49,cancelled,2024-06-01,2025-01-08T17:00:00
acct_9826c92a,starter,monthly,intercom,3,147,cancelled,2024-02-03,2024-08-20T17:00:00
acct_98c3af94,starter,monthly,freshdesk,2,98,active,2025-10-06,
acct_98ec91c1,scale,monthly,zendesk,19,3160,cancelled,2024-02-22,2024-12-07T11:00:00
acct_998fcdc3,starter,monthly,zendesk,2,98,cancelled,2024-01-08,2024-09-12T12:00:00
acct_9995a13e,growth,monthly,gorgias,6,894,active,2025-01-25,
acct_99c2af5a,scale,monthly,freshdesk,12,1996,cancelled,2024-02-21,2024-11-09T16:00:00
acct_99eb42f1,starter,monthly,gorgias,1,49,active,2025-10-03,
acct_9a0dac1d,starter,monthly,zendesk,2,98,cancelled,2024-01-07,2024-02-10T09:00:00
acct_9a17768b,starter,monthly,intercom,1,49,cancelled,2024-01-30,2024-09-23T13:00:00
acct_9a4f3c58,starter,monthly,intercom,1,49,cancelled,2024-01-14,2024-02-08T12:00:00
acct_9a7f7118,growth,monthly,freshdesk,5,745,cancelled,2024-08-05,2025-03-07T12:00:00
acct_9a8c7a1b,growth,monthly,freshdesk,7,1043,active,2024-12-10,
acct_9a91137a,starter,monthly,freshdesk,3,147,cancelled,2024-02-19,2024-05-28T15:00:00
acct_9adf878f,starter,annual,gorgias,3,122,cancelled,2025-02-13,2025-07-10T13:00:00
acct_9b563abf,starter,monthly,intercom,2,98,active,2025-07-02,
acct_9b9088d0,scale,annual,zendesk,33,4574,active,2025-09-25,
acct_9b987d1f,starter,monthly,zendesk,3,147,cancelled,2024-01-09,2024-04-23T15:00:00
acct_9bd01a10,growth,monthly,gorgias,3,447,cancelled,2024-01-28,2024-07-14T16:00:00
acct_9bff1fdf,starter,monthly,zendesk,3,147,cancelled,2024-01-11,2024-06-23T11:00:00
acct_9c2b3b0f,starter,monthly,intercom,2,98,cancelled,2024-02-08,2024-11-02T10:00:00
acct_9d5d1e94,growth,monthly,intercom,7,1043,cancelled,2024-01-26,2024-08-27T09:00:00
acct_9d8beecb,growth,monthly,intercom,8,1192,cancelled,2024-01-28,2024-07-12T09:00:00
acct_9e087481,starter,monthly,freshdesk,2,98,cancelled,2024-04-14,2025-03-31T09:00:00
acct_9e17fa0b,scale,annual,intercom,39,5405,cancelled,2024-02-19,2024-10-01T17:00:00
acct_9e1e404c,scale,monthly,intercom,35,5821,cancelled,2024-04-09,2025-02-23T14:00:00
acct_9e2ca812,scale,monthly,intercom,33,5489,cancelled,2024-01-09,2024-08-27T12:00:00
acct_9eb38138,starter,monthly,zendesk,1,49,cancelled,2024-01-09,2024-05-27T09:00:00
acct_9f2dc4e0,starter,monthly,freshdesk,1,49,cancelled,2024-01-27,2024-07-27T17:00:00
acct_9f98408e,starter,annual,freshdesk,2,81,cancelled,2024-01-27,2024-09-18T11:00:00
acct_9fa4eca2,starter,monthly,freshdesk,1,49,cancelled,2024-07-24,2025-03-12T13:00:00
acct_9fd91b0c,starter,monthly,zendesk,3,147,active,2025-09-19,
acct_9fe1da53,starter,monthly,gorgias,2,98,cancelled,2025-06-14,2025-10-31T15:00:00
acct_9ffe6239,growth,monthly,zendesk,8,1192,cancelled,2024-01-19,2024-07-28T17:00:00
acct_a001fe39,scale,monthly,zendesk,20,3326,cancelled,2024-01-09,2024-09-13T17:00:00
acct_a0b6c704,starter,monthly,freshdesk,1,49,cancelled,2024-12-22,2025-02-10T11:00:00
acct_a0c5b4fa,scale,monthly,zendesk,14,2328,cancelled,2024-01-06,2024-11-24T11:00:00
acct_a1177311,starter,monthly,zendesk,3,147,cancelled,2024-10-17,2025-06-14T16:00:00
acct_a16d270a,starter,monthly,freshdesk,1,49,cancelled,2024-07-09,2025-02-07T16:00:00
acct_a1a3d711,starter,monthly,intercom,1,49,cancelled,2024-01-21,2024-09-23T14:00:00
acct_a2a276ea,scale,annual,zendesk,18,2495,active,2025-05-07,
acct_a363778c,starter,monthly,freshdesk,2,98,cancelled,2024-11-11,2025-05-21T09:00:00
acct_a3dac097,scale,monthly,gorgias,26,4324,cancelled,2024-11-01,2025-06-22T16:00:00
acct_a402cd8c,scale,annual,gorgias,20,2771,active,2025-05-12,
acct_a46ce0c2,growth,monthly,freshdesk,4,596,cancelled,2024-02-05,2024-06-05T17:00:00
acct_a4e8fb00,growth,monthly,intercom,5,745,cancelled,2024-01-02,2024-11-13T16:00:00
acct_a4ee64cf,starter,monthly,intercom,1,49,cancelled,2024-01-17,2024-08-04T16:00:00
acct_a4f5ac86,growth,annual,freshdesk,6,745,active,2025-05-29,
acct_a5f493da,starter,monthly,zendesk,3,147,active,2024-11-12,
acct_a64a7ecb,growth,monthly,gorgias,8,1192,cancelled,2024-01-07,2024-03-14T12:00:00
acct_a6800906,starter,monthly,zendesk,1,49,cancelled,2024-02-20,2024-10-08T13:00:00
acct_a6c8e6aa,starter,monthly,zendesk,1,49,cancelled,2024-01-01,2024-05-21T09:00:00
acct_a6ed9bca,starter,monthly,zendesk,1,49,cancelled,2024-01-07,2024-08-24T11:00:00
acct_a721a800,starter,annual,freshdesk,2,81,cancelled,2024-01-10,2024-09-10T12:00:00
acct_a7e4015f,growth,monthly,freshdesk,3,447,active,2024-08-22,
acct_a8c15112,scale,monthly,zendesk,21,3493,cancelled,2024-03-11,2024-12-23T16:00:00
acct_a90c6b5f,growth,monthly,freshdesk,7,1043,cancelled,2024-06-15,2025-01-29T15:00:00
acct_a91ca19a,starter,monthly,zendesk,1,49,cancelled,2024-01-27,2024-08-17T11:00:00
acct_a99c8894,growth,monthly,zendesk,6,894,cancelled,2024-08-29,2025-04-17T15:00:00
acct_a9af4e22,scale,monthly,intercom,29,4823,cancelled,2024-10-28,2025-10-26T14:00:00
acct_a9f69aec,growth,monthly,intercom,4,596,cancelled,2024-02-23,2024-06-02T11:00:00
acct_aa01b2e6,starter,monthly,gorgias,3,147,cancelled,2024-02-05,2024-05-25T14:00:00
acct_aa127580,growth,annual,zendesk,6,745,cancelled,2024-10-14,2025-06-02T16:00:00
acct_aa4cf0e7,starter,monthly,intercom,3,147,cancelled,2025-06-19,2025-07-19T12:00:00
acct_aa6d4b27,growth,annual,intercom,10,1241,cancelled,2024-09-06,2025-03-30T12:00:00
acct_aaf2aa18,starter,monthly,zendesk,3,147,cancelled,2024-01-16,2024-03-04T14:00:00
acct_aaff4c90,starter,annual,freshdesk,3,122,cancelled,2024-01-31,2024-05-11T12:00:00
acct_ab06eaea,growth,monthly,zendesk,10,1490,cancelled,2025-03-17,2025-06-22T16:00:00
acct_ab34388b,scale,annual,freshdesk,15,2079,active,2024-03-18,
acct_abcc0d8c,starter,monthly,freshdesk,2,98,cancelled,2024-10-09,2025-08-10T16:00:00
acct_abe8f722,growth,monthly,gorgias,8,1192,cancelled,2024-01-24,2024-07-06T13:00:00
acct_ac8d7525,starter,monthly,freshdesk,3,147,cancelled,2024-01-24,2024-06-14T10:00:00
acct_acaf2d87,scale,monthly,freshdesk,27,4491,cancelled,2024-02-08,2025-06-24T12:00:00
acct_accabb76,scale,annual,freshdesk,18,2495,active,2024-04-27,
acct_add24418,starter,monthly,intercom,3,147,cancelled,2024-01-19,2024-11-30T16:00:00
acct_ade8f7bf,starter,monthly,gorgias,3,147,cancelled,2025-03-14,2025-07-06T16:00:00
acct_adf8f50e,growth,monthly,intercom,10,1490,cancelled,2024-12-12,2025-02-01T11:00:00
acct_ae3e2a58,starter,monthly,gorgias,2,98,cancelled,2025-01-03,2025-03-31T09:00:00
acct_ae6851c2,starter,monthly,freshdesk,2,98,cancelled,2024-04-26,2025-01-26T13:00:00
acct_ae715a68,growth,monthly,freshdesk,9,1341,active,2025-06-06,
acct_ae84e07f,scale,monthly,zendesk,40,6653,active,2025-06-16,
acct_af4975aa,growth,monthly,freshdesk,9,1341,cancelled,2024-05-01,2025-01-04T13:00:00
acct_b0234b52,scale,monthly,gorgias,14,2328,cancelled,2024-01-25,2025-01-08T15:00:00
acct_b06741a6,growth,monthly,zendesk,6,894,cancelled,2025-04-06,2025-08-28T10:00:00
acct_b0e9a734,growth,annual,intercom,5,620,cancelled,2024-07-27,2025-07-05T12:00:00
acct_b15365b9,scale,annual,freshdesk,10,1385,active,2024-02-17,
acct_b153cf26,starter,monthly,gorgias,3,147,cancelled,2025-03-11,2025-11-28T13:00:00
acct_b18d56d3,starter,monthly,freshdesk,1,49,cancelled,2025-08-20,2025-09-29T13:00:00
acct_b1ab049a,growth,monthly,freshdesk,8,1192,cancelled,2024-02-03,2024-08-12T10:00:00
acct_b1d31bf1,growth,annual,gorgias,9,1117,active,2025-06-08,
acct_b1f5273f,growth,monthly,freshdesk,6,894,cancelled,2024-01-28,2024-12-10T10:00:00
acct_b21f7313,growth,annual,intercom,9,1117,active,2024-01-04,
acct_b23b36ea,starter,monthly,zendesk,3,147,cancelled,2025-03-28,2025-06-26T09:00:00
acct_b3a1ffe6,starter,monthly,freshdesk,2,98,cancelled,2024-02-02,2025-01-26T11:00:00
acct_b417d116,growth,monthly,intercom,9,1341,cancelled,2024-02-24,2025-03-13T12:00:00
acct_b4277bbc,scale,monthly,gorgias,9,1497,cancelled,2024-02-25,2024-10-21T09:00:00
acct_b44137c5,growth,monthly,intercom,9,1341,active,2024-01-20,
acct_b539659a,starter,monthly,intercom,3,147,cancelled,2024-01-02,2024-08-05T12:00:00
acct_b5c98797,starter,monthly,gorgias,3,147,active,2025-10-08,
acct_b5edefc3,starter,monthly,freshdesk,3,147,cancelled,2024-08-17,2025-10-06T17:00:00
acct_b60d2151,scale,annual,intercom,28,3880,active,2024-01-18,
acct_b7125efd,starter,monthly,zendesk,3,147,cancelled,2024-02-18,2025-03-30T12:00:00
acct_b71d8c4d,starter,monthly,zendesk,3,147,active,2025-11-01,
acct_b72f28f8,starter,monthly,intercom,1,49,cancelled,2024-02-15,2024-03-24T17:00:00
acct_b754d40a,growth,monthly,zendesk,9,1341,active,2025-07-12,
acct_b7616980,growth,monthly,gorgias,3,447,active,2025-11-15,
acct_b771bb83,growth,monthly,gorgias,3,447,cancelled,2024-01-21,2024-11-05T11:00:00
acct_b7977aaa,scale,annual,freshdesk,38,5266,active,2025-09-26,
acct_b8345bb0,starter,monthly,zendesk,2,98,cancelled,2025-08-09,2025-09-07T12:00:00
acct_b843276f,starter,annual,freshdesk,3,122,cancelled,2024-11-08,2025-06-17T10:00:00
acct_b8bc4efc,starter,monthly,gorgias,3,147,past_due,2025-10-12,
acct_b8e07cb2,scale,monthly,gorgias,12,1996,cancelled,2024-01-07,2024-12-30T15:00:00
acct_b938c1db,starter,monthly,freshdesk,3,147,cancelled,2024-09-17,2025-05-07T17:00:00
acct_b9664331,growth,monthly,gorgias,7,1043,cancelled,2024-01-10,2024-07-01T14:00:00
acct_b9f0b984,scale,monthly,freshdesk,10,1663,active,2024-06-12,
acct_ba14b802,starter,monthly,zendesk,3,147,active,2025-07-01,
acct_ba96f45a,growth,monthly,intercom,3,447,cancelled,2024-01-15,2024-02-26T12:00:00
acct_baf09179,starter,monthly,gorgias,1,49,cancelled,2024-01-03,2024-09-20T09:00:00
acct_bb1b5bfe,scale,annual,zendesk,32,4435,cancelled,2024-01-05,2024-08-04T10:00:00
acct_bb4797b3,starter,monthly,zendesk,1,49,active,2025-09-12,
acct_bbf8d76d,scale,monthly,freshdesk,14,2328,active,2025-10-31,
acct_bc3e743f,starter,monthly,intercom,2,98,cancelled,2025-03-29,2025-11-20T13:00:00
acct_bc5f08a5,growth,monthly,gorgias,7,1043,cancelled,2024-10-01,2025-05-17T13:00:00
acct_bc957fa2,scale,annual,gorgias,30,4158,cancelled,2024-02-20,2024-07-30T10:00:00
acct_bc9f1f3d,growth,monthly,zendesk,6,894,active,2024-01-10,
acct_bd08958c,growth,monthly,gorgias,9,1341,active,2025-02-07,
acct_bd49ee8c,starter,monthly,intercom,3,147,cancelled,2024-02-14,2024-07-19T16:00:00
acct_bd5f46a1,scale,annual,zendesk,14,1940,active,2024-02-24,
acct_bd7aa4f5,scale,monthly,gorgias,32,5322,active,2024-05-19,
acct_bd7fb8fe,growth,annual,intercom,10,1241,cancelled,2024-03-22,2025-07-27T12:00:00
acct_bdabfee0,growth,monthly,zendesk,9,1341,cancelled,2024-01-12,2024-07-14T10:00:00
acct_bdb7cac5,starter,monthly,gorgias,1,49,active,2025-05-10,
acct_bdc79303,starter,monthly,gorgias,3,147,cancelled,2025-05-08,2025-11-21T15:00:00
acct_be0e69d4,starter,monthly,intercom,2,98,active,2025-10-09,
acct_be2e7066,starter,monthly,gorgias,3,147,active,2025-10-10,
acct_be891f7b,scale,annual,intercom,35,4850,cancelled,2024-11-21,2025-07-26T12:00:00
acct_be8be086,growth,monthly,freshdesk,3,447,active,2024-02-08,
acct_bec11014,starter,monthly,zendesk,3,147,active,2025-03-15,
acct_bed48bae,growth,monthly,gorgias,9,1341,cancelled,2024-09-27,2025-03-15T12:00:00
acct_bef1f861,growth,monthly,gorgias,7,1043,cancelled,2024-02-09,2024-09-28T13:00:00
acct_bf703959,growth,annual,zendesk,3,372,active,2024-02-18,
acct_bff15c2c,starter,monthly,gorgias,2,98,cancelled,2024-01-15,2024-04-17T10:00:00
acct_c0199727,growth,monthly,zendesk,3,447,active,2025-04-30,
acct_c042c39c,starter,monthly,freshdesk,3,147,cancelled,2024-02-24,2025-03-16T17:00:00
acct_c0db0def,growth,monthly,gorgias,8,1192,cancelled,2025-02-23,2025-04-24T11:00:00
acct_c17bedea,scale,annual,gorgias,29,4019,cancelled,2024-04-25,2025-01-31T12:00:00
acct_c188a0f1,starter,monthly,gorgias,1,49,cancelled,2024-06-29,2025-02-28T12:00:00
acct_c1895c5f,growth,monthly,gorgias,7,1043,cancelled,2024-01-19,2024-07-04T14:00:00
acct_c1d0faa4,growth,monthly,freshdesk,9,1341,cancelled,2024-10-26,2025-06-16T16:00:00
acct_c1e7eb50,starter,monthly,freshdesk,1,49,cancelled,2024-01-02,2024-05-10T13:00:00
acct_c278133e,growth,monthly,gorgias,9,1341,cancelled,2025-05-23,2025-07-07T17:00:00
acct_c299a5aa,growth,monthly,freshdesk,3,447,cancelled,2024-01-11,2024-08-28T11:00:00
acct_c2f4a92c,scale,monthly,freshdesk,13,2162,cancelled,2024-01-30,2024-08-06T10:00:00
acct_c40cdc57,starter,annual,freshdesk,2,81,cancelled,2024-01-16,2024-10-23T09:00:00
acct_c47157ee,starter,monthly,intercom,3,147,active,2025-09-29,
acct_c486942b,scale,annual,intercom,39,5405,cancelled,2024-02-21,2024-12-29T13:00:00
acct_c4afbec5,growth,monthly,zendesk,3,447,cancelled,2024-03-16,2024-10-03T13:00:00
acct_c4e425c9,starter,monthly,zendesk,2,98,cancelled,2024-01-27,2024-06-23T16:00:00
acct_c5009e0f,starter,monthly,gorgias,1,49,cancelled,2025-07-06,2025-09-17T17:00:00
acct_c56818e0,scale,annual,gorgias,9,1247,cancelled,2024-01-27,2025-11-24T10:00:00
acct_c692aeaa,scale,monthly,intercom,28,4657,cancelled,2025-02-27,2025-04-02T13:00:00
acct_c7450e6e,starter,annual,intercom,1,40,cancelled,2024-07-29,2025-10-06T13:00:00
acct_c7cb0d51,growth,annual,zendesk,10,1241,cancelled,2024-02-15,2024-09-10T10:00:00
acct_c833c59c,growth,monthly,intercom,5,745,cancelled,2024-02-09,2024-08-20T14:00:00
acct_c8695ea8,scale,annual,zendesk,22,3049,active,2025-05-18,
acct_c890904a,starter,monthly,gorgias,3,147,cancelled,2024-01-07,2024-05-25T13:00:00
acct_c8a73343,starter,monthly,freshdesk,3,147,cancelled,2024-02-10,2024-03-17T16:00:00
acct_c8ecbf3c,starter,monthly,zendesk,3,147,past_due,2025-06-29,
acct_c90e3c56,starter,monthly,intercom,3,147,cancelled,2024-04-05,2024-09-28T13:00:00
acct_c926cbf9,growth,monthly,freshdesk,7,1043,active,2024-01-10,
acct_c936d51e,growth,monthly,intercom,5,745,cancelled,2024-02-07,2024-09-29T14:00:00
acct_c942f55a,growth,monthly,gorgias,4,596,cancelled,2024-04-01,2024-06-05T11:00:00
acct_c9e5fb5f,growth,monthly,freshdesk,7,1043,cancelled,2024-01-16,2024-07-07T10:00:00
acct_ca10dbb7,starter,monthly,freshdesk,3,147,active,2025-06-18,
acct_ca2a2850,scale,monthly,zendesk,26,4324,active,2024-11-02,
acct_ca51c832,growth,monthly,zendesk,3,447,cancelled,2025-04-05,2025-10-27T11:00:00
acct_ca59254c,starter,monthly,intercom,3,147,cancelled,2024-05-09,2024-07-22T17:00:00
acct_ca6bf1e7,growth,annual,freshdesk,9,1117,active,2025-01-16,
acct_ca70d937,starter,monthly,zendesk,1,49,cancelled,2024-02-14,2024-09-29T15:00:00
acct_ca947616,growth,monthly,zendesk,4,596,cancelled,2024-01-04,2024-11-05T09:00:00
acct_cad4cfff,growth,monthly,gorgias,7,1043,cancelled,2024-01-10,2025-02-20T14:00:00
acct_caffcecb,growth,monthly,freshdesk,7,1043,cancelled,2024-01-29,2025-08-19T15:00:00
acct_cb8cf47e,growth,annual,freshdesk,4,496,active,2024-12-19,
acct_cc15e32c,starter,monthly,zendesk,1,49,cancelled,2024-01-09,2024-08-17T16:00:00
acct_cc343db1,starter,monthly,gorgias,3,147,cancelled,2024-01-23,2024-08-30T11:00:00
acct_cd192ab6,growth,monthly,intercom,4,596,cancelled,2024-01-20,2024-08-09T15:00:00
acct_cd466e9f,growth,monthly,intercom,7,1043,active,2024-07-12,
acct_cd9135ce,starter,monthly,intercom,2,98,cancelled,2024-02-17,2024-12-21T16:00:00
acct_cdce3583,scale,monthly,zendesk,37,6154,active,2025-07-10,
acct_cde51969,starter,monthly,zendesk,1,49,active,2025-10-18,
acct_ce4b9d7d,starter,monthly,intercom,3,147,cancelled,2024-03-15,2024-12-03T09:00:00
acct_ce894bc2,starter,monthly,intercom,1,49,active,2025-08-24,
acct_cec981b5,starter,monthly,zendesk,3,147,cancelled,2025-06-02,2025-07-15T15:00:00
acct_cecff3a6,growth,annual,intercom,6,745,cancelled,2024-09-30,2025-04-15T10:00:00
acct_ced179da,growth,monthly,zendesk,9,1341,cancelled,2024-11-03,2025-06-02T15:00:00
acct_cef1af78,starter,monthly,freshdesk,2,98,cancelled,2024-01-21,2024-07-18T12:00:00
acct_cf01f4d6,growth,monthly,intercom,8,1192,cancelled,2024-01-16,2025-01-21T15:00:00
acct_cfc37534,starter,monthly,gorgias,2,98,active,2025-02-17,
acct_d0e4dddb,starter,monthly,zendesk,1,49,cancelled,2025-01-01,2025-07-24T15:00:00
acct_d1f8c146,growth,monthly,zendesk,9,1341,cancelled,2024-02-22,2024-08-09T11:00:00
acct_d2a00957,starter,monthly,gorgias,3,147,cancelled,2024-03-07,2024-10-29T15:00:00
acct_d3a81e40,growth,monthly,intercom,3,447,cancelled,2024-11-10,2025-05-24T15:00:00
acct_d3ce071f,scale,annual,gorgias,21,2910,cancelled,2024-01-10,2025-02-19T10:00:00
acct_d44d68eb,starter,annual,intercom,1,40,active,2025-02-11,
acct_d4a6eca8,growth,annual,zendesk,5,620,cancelled,2024-01-16,2024-09-21T13:00:00
acct_d4c51c84,starter,monthly,freshdesk,2,98,cancelled,2024-01-15,2025-03-11T14:00:00
acct_d4c73643,scale,monthly,gorgias,35,5821,cancelled,2024-11-22,2025-08-12T16:00:00
acct_d4c9d713,starter,monthly,intercom,3,147,cancelled,2024-05-08,2025-01-03T09:00:00
acct_d55ac617,starter,annual,intercom,2,81,cancelled,2025-03-08,2025-09-04T15:00:00
acct_d587ea33,starter,monthly,freshdesk,2,98,cancelled,2025-04-13,2025-09-04T13:00:00
acct_d5d1e494,growth,monthly,freshdesk,7,1043,cancelled,2024-01-19,2024-03-09T11:00:00
acct_d6ab441b,starter,monthly,zendesk,3,147,cancelled,2024-06-28,2024-11-18T12:00:00
acct_d6ded90c,growth,monthly,zendesk,4,596,cancelled,2024-01-02,2024-12-19T14:00:00
acct_d790cb3d,starter,monthly,zendesk,3,147,cancelled,2024-01-22,2024-08-25T11:00:00
acct_d8da4f34,growth,monthly,gorgias,3,447,cancelled,2025-06-03,2025-10-31T12:00:00
acct_d9e3f38f,starter,monthly,intercom,3,147,cancelled,2024-01-21,2024-03-13T11:00:00
acct_da215ff7,growth,monthly,freshdesk,9,1341,cancelled,2024-02-16,2024-10-06T13:00:00
acct_da60a271,starter,monthly,gorgias,3,147,cancelled,2025-01-13,2025-08-20T14:00:00
acct_daa9fca1,starter,monthly,intercom,3,147,cancelled,2024-02-10,2024-08-10T17:00:00
acct_db122064,growth,monthly,zendesk,5,745,active,2024-03-13,
acct_db4e87db,growth,monthly,gorgias,9,1341,active,2025-09-24,
acct_dc91c137,scale,annual,freshdesk,10,1385,cancelled,2024-02-24,2024-10-22T09:00:00
acct_dcc9d3b9,growth,annual,gorgias,8,993,cancelled,2024-10-18,2025-01-10T11:00:00
acct_dd514b4b,scale,monthly,intercom,37,6154,cancelled,2024-05-26,2025-09-17T15:00:00
acct_dd5a8593,starter,monthly,gorgias,1,49,active,2025-05-25,
acct_de0e1471,growth,monthly,zendesk,6,894,cancelled,2025-01-06,2025-08-29T14:00:00
acct_de642a23,starter,monthly,zendesk,2,98,cancelled,2024-08-13,2024-09-10T16:00:00
acct_deaf0cd1,growth,annual,intercom,3,372,cancelled,2025-05-28,2025-11-03T09:00:00
acct_dee0b253,growth,annual,intercom,4,496,active,2024-10-27,
acct_df025b3f,scale,monthly,zendesk,27,4491,cancelled,2024-01-20,2024-05-03T12:00:00
acct_dfac4e39,growth,annual,freshdesk,9,1117,cancelled,2024-01-28,2024-08-18T16:00:00
acct_dfb1e5b8,growth,annual,intercom,8,993,cancelled,2024-02-01,2024-09-19T10:00:00
acct_e1c0fcaa,scale,annual,freshdesk,17,2355,cancelled,2024-01-18,2024-10-16T11:00:00
acct_e1d92223,growth,monthly,gorgias,3,447,active,2025-08-19,
acct_e24a8232,growth,monthly,intercom,3,447,cancelled,2024-02-09,2024-09-01T14:00:00
acct_e2932b91,starter,monthly,freshdesk,3,147,cancelled,2024-02-13,2024-09-23T15:00:00
acct_e2ae7fe4,starter,monthly,gorgias,3,147,cancelled,2024-02-17,2024-03-16T15:00:00
acct_e2bed010,growth,monthly,intercom,9,1341,cancelled,2024-01-06,2024-08-02T16:00:00
acct_e2cfb1cb,scale,monthly,zendesk,14,2328,active,2024-09-29,
acct_e2e07805,starter,monthly,intercom,3,147,cancelled,2025-01-19,2025-06-28T10:00:00
acct_e36abb98,scale,monthly,freshdesk,19,3160,cancelled,2024-05-16,2025-03-13T11:00:00
acct_e4bc8ae8,scale,annual,gorgias,29,4019,active,2024-01-19,
acct_e4be9f25,starter,monthly,zendesk,2,98,cancelled,2024-01-23,2024-08-13T09:00:00
acct_e4e2b2c0,starter,monthly,zendesk,3,147,cancelled,2024-03-04,2024-09-05T14:00:00
acct_e56df3c1,starter,monthly,zendesk,3,147,cancelled,2024-01-28,2025-01-06T09:00:00
acct_e5a96da2,starter,monthly,zendesk,3,147,cancelled,2025-03-22,2025-10-11T15:00:00
acct_e62620ae,starter,monthly,intercom,2,98,cancelled,2024-01-03,2024-08-23T11:00:00
acct_e70ccba5,growth,monthly,gorgias,10,1490,cancelled,2024-12-30,2025-10-24T14:00:00
acct_e781bc26,growth,monthly,intercom,8,1192,cancelled,2025-04-22,2025-10-27T16:00:00
acct_e7af7d17,scale,annual,intercom,14,1940,active,2025-03-24,
acct_e7c5fb1e,starter,monthly,gorgias,2,98,cancelled,2024-12-09,2025-05-19T09:00:00
acct_e7e0db43,growth,monthly,zendesk,4,596,cancelled,2025-03-13,2025-04-06T10:00:00
acct_e81e4866,starter,annual,zendesk,3,122,cancelled,2024-02-06,2024-07-19T14:00:00
acct_e87e2b8f,growth,annual,zendesk,5,620,cancelled,2024-02-16,2025-06-04T12:00:00
acct_e9212b0f,growth,monthly,intercom,10,1490,active,2025-08-12,
acct_e92353de,scale,annual,freshdesk,22,3049,past_due,2025-04-01,
acct_e943c430,starter,monthly,zendesk,3,147,cancelled,2024-02-19,2024-07-06T10:00:00
acct_e98ed036,growth,monthly,freshdesk,3,447,active,2025-06-07,
acct_ea0b9b38,growth,annual,zendesk,4,496,cancelled,2024-01-20,2024-07-22T12:00:00
acct_ea8491da,growth,annual,intercom,8,993,active,2025-10-27,
acct_ead877b9,starter,annual,gorgias,2,81,cancelled,2024-12-25,2025-02-02T11:00:00
acct_eae19cc2,scale,annual,zendesk,31,4296,cancelled,2024-03-25,2025-02-03T16:00:00
acct_eb9e54d1,starter,monthly,zendesk,3,147,cancelled,2024-02-21,2024-10-31T12:00:00
acct_ebad13c1,starter,monthly,zendesk,2,98,cancelled,2024-10-13,2025-11-05T14:00:00
acct_ec1001cf,starter,monthly,gorgias,3,147,cancelled,2025-03-03,2025-07-25T11:00:00
acct_ec5e52c7,starter,monthly,intercom,1,49,cancelled,2024-02-10,2024-11-22T16:00:00
acct_ee31ad9c,starter,monthly,freshdesk,3,147,cancelled,2024-01-31,2024-06-12T13:00:00
acct_ee5dc008,starter,monthly,intercom,2,98,cancelled,2024-07-03,2025-03-03T11:00:00
acct_ee6dccad,starter,monthly,zendesk,1,49,cancelled,2024-01-28,2024-08-16T15:00:00
acct_eeccbeef,growth,monthly,gorgias,6,894,cancelled,2024-11-13,2025-04-28T10:00:00
acct_ef23a583,growth,monthly,gorgias,8,1192,cancelled,2024-03-02,2024-05-03T09:00:00
acct_efb9cad7,growth,monthly,gorgias,8,1192,cancelled,2025-03-27,2025-06-28T10:00:00
acct_efd49f0a,starter,monthly,intercom,2,98,cancelled,2024-01-02,2024-02-23T15:00:00
acct_efdc8ace,starter,monthly,freshdesk,2,98,cancelled,2024-06-30,2025-03-28T09:00:00
acct_f050bd14,starter,monthly,freshdesk,1,49,cancelled,2024-07-01,2024-08-07T15:00:00
acct_f13b0f27,starter,monthly,freshdesk,3,147,active,2025-05-01,
acct_f1f2f296,starter,monthly,gorgias,2,98,cancelled,2024-09-13,2025-07-09T16:00:00
acct_f1f5ec25,starter,monthly,zendesk,2,98,cancelled,2025-08-30,2025-10-08T12:00:00
acct_f20ad2a0,growth,monthly,intercom,10,1490,cancelled,2024-02-12,2024-11-16T09:00:00
acct_f2652d00,growth,monthly,zendesk,8,1192,cancelled,2024-01-26,2024-06-25T13:00:00
acct_f2808d77,scale,monthly,gorgias,9,1497,cancelled,2025-04-09,2025-07-26T10:00:00
acct_f2d9add8,scale,annual,zendesk,15,2079,active,2024-10-10,
acct_f451bcdc,starter,monthly,gorgias,2,98,cancelled,2025-02-05,2025-06-23T16:00:00
acct_f522587d,growth,monthly,intercom,6,894,cancelled,2024-03-17,2024-08-12T10:00:00
acct_f571ffd7,growth,annual,freshdesk,7,869,cancelled,2025-05-15,2025-08-05T16:00:00
acct_f57de496,starter,monthly,gorgias,3,147,cancelled,2025-01-02,2025-09-05T16:00:00
acct_f5d3c809,growth,monthly,zendesk,5,745,cancelled,2024-02-11,2024-03-25T14:00:00
acct_f6a6a39b,starter,monthly,intercom,1,49,cancelled,2024-10-05,2025-02-27T15:00:00
acct_f7579aab,starter,monthly,gorgias,1,49,cancelled,2025-09-02,2025-11-07T10:00:00
acct_f7cf8c3b,growth,monthly,zendesk,10,1490,past_due,2025-05-22,
acct_f7d131fc,starter,monthly,zendesk,1,49,cancelled,2025-06-30,2025-10-11T14:00:00
acct_f8286cbf,growth,annual,zendesk,5,620,cancelled,2024-06-27,2025-03-14T17:00:00
acct_f88fd84f,growth,monthly,freshdesk,9,1341,cancelled,2024-08-14,2025-04-23T14:00:00
acct_f8c9142e,starter,annual,intercom,2,81,cancelled,2024-02-22,2024-04-30T10:00:00
acct_f8e816ff,growth,monthly,intercom,3,447,active,2025-07-29,
acct_f97fe321,growth,monthly,gorgias,4,596,active,2025-09-16,
acct_f9c7a9b4,starter,monthly,zendesk,1,49,active,2025-07-21,
acct_f9d43c8e,scale,monthly,zendesk,27,4491,cancelled,2024-02-19,2025-08-04T13:00:00
acct_fa82236a,growth,monthly,intercom,6,894,active,2024-01-12,
acct_fab80b2a,starter,monthly,gorgias,3,147,cancelled,2024-01-01,2024-12-06T17:00:00
acct_fafbf735,starter,monthly,freshdesk,3,147,cancelled,2024-01-05,2024-02-03T17:00:00
acct_fb28420f,starter,monthly,intercom,2,98,cancelled,2024-01-21,2024-08-25T14:00:00
acct_fb45afc8,starter,monthly,freshdesk,1,49,cancelled,2024-02-16,2024-10-06T16:00:00
acct_fbc13c47,growth,monthly,zendesk,8,1192,cancelled,2025-03-10,2025-11-09T12:00:00
acct_fbdb883e,starter,monthly,zendesk,1,49,cancelled,2024-02-14,2024-09-30T14:00:00
acct_fc28600b,growth,monthly,gorgias,8,1192,cancelled,2024-07-14,2025-02-23T15:00:00
acct_fc3e2de2,scale,annual,gorgias,31,4296,active,2024-01-10,
acct_fc42af41,starter,monthly,intercom,3,147,cancelled,2024-02-02,2024-09-08T13:00:00
acct_fcb65758,growth,monthly,gorgias,8,1192,active,2025-02-14,
acct_fccfe7e8,growth,monthly,freshdesk,3,447,cancelled,2024-02-10,2024-08-10T15:00:00
acct_fd39c292,growth,monthly,zendesk,9,1341,active,2024-09-24,
acct_fd489167,growth,monthly,gorgias,7,1043,cancelled,2024-01-15,2024-06-06T15:00:00
acct_fdb5c37a,growth,monthly,gorgias,6,894,active,2025-01-21,
acct_fdd73e37,growth,monthly,zendesk,4,596,cancelled,2024-02-18,2025-07-25T16:00:00
acct_fe26953e,starter,monthly,zendesk,1,49,cancelled,2025-09-18,2025-11-29T15:00:00
acct_fe2882dd,starter,monthly,zendesk,3,147,cancelled,2024-05-18,2024-12-06T12:00:00
acct_feaa9037,starter,monthly,freshdesk,2,98,cancelled,2024-10-16,2025-03-14T16:00:00
acct_fefc2fff,starter,annual,gorgias,2,81,cancelled,2025-05-16,2025-07-14T10:00:00
acct_ff642d01,starter,monthly,zendesk,2,98,cancelled,2024-01-22,2024-09-02T12:00:00
