customer_id,tenure_months,monthly_charges,support_tickets,logins_last_30d,plan,seats,churned
cust_0000,30,111.07,0,53,enterprise,20,no
cust_0001,21,171.02,12,11,pro,18,yes
cust_0002,22,98.6,4,37,pro,40,no
cust_0003,40,20.22,11,30,basic,36,no
cust_0004,28,130.27,12,24,basic,5,no
cust_0005,1,176.36,9,34,basic,33,no
cust_0006,23,162.8,10,17,pro,14,yes
cust_0007,19,91.94,2,6,basic,2,no
cust_0008,10,188.88,4,47,pro,17,no
cust_0009,48,177.82,9,8,basic,36,no
cust_0010,19,178.08,8,41,pro,19,no
cust_0011,22,65.18,7,58,enterprise,6,no
cust_0012,19,141.84,10,45,basic,34,no
cust_0013,21,138.04,6,41,enterprise,16,no
cust_0014,11,66.8,4,24,basic,41,no
cust_0015,26,138.81,8,50,enterprise,25,no
cust_0016,16,125.18,0,14,pro,32,no
cust_0017,19,163.25,1,33,pro,38,no
cust_0018,44,182.0,4,24,basic,29,no
cust_0019,32,154.99,7,43,pro,9,no
cust_0020,39,35.02,12,23,basic,15,no
cust_0021,32,56.49,4,16,pro,11,no
cust_0022,44,36.76,12,22,basic,46,no
cust_0023,36,89.54,6,13,pro,20,no
cust_0024,39,187.9,12,20,pro,6,yes
cust_0025,24,79.79,7,48,pro,16,no
cust_0026,38,26.01,11,11,pro,5,no
cust_0027,34,137.7,8,21,pro,12,no
cust_0028,31,142.81,0,59,basic,28,no
cust_0029,11,67.91,11,38,pro,14,no
cust_0030,43,87.26,11,17,pro,11,no
cust_0031,35,73.21,0,5,enterprise,24,no
cust_0032,20,162.02,9,27,pro,15,no
cust_0033,47,194.86,11,4,basic,30,no
cust_0034,15,90.41,2,7,enterprise,13,no
cust_0035,17,155.73,12,36,pro,18,no
cust_0036,46,82.03,11,31,basic,35,no
cust_0037,34,134.58,12,45,basic,16,no
cust_0038,8,164.02,12,31,enterprise,30,no
cust_0039,17,95.66,11,20,pro,15,yes
cust_0040,11,92.69,9,0,basic,40,no
cust_0041,5,75.97,11,16,basic,12,yes
cust_0042,32,22.26,1,22,enterprise,40,no
cust_0043,33,168.54,1,59,pro,31,no
cust_0044,10,155.33,8,34,basic,38,no
cust_0045,38,94.5,1,60,pro,5,no
cust_0046,32,23.15,3,2,pro,46,no
cust_0047,29,123.1,1,13,pro,39,yes
cust_0048,31,191.35,6,7,basic,29,no
cust_0049,41,113.74,9,31,enterprise,29,no
cust_0050,21,81.13,5,8,enterprise,49,yes
cust_0051,48,56.82,7,60,pro,13,no
cust_0052,13,63.6,8,42,basic,15,no
cust_0053,45,184.75,6,28,basic,22,no
cust_0054,25,96.04,1,57,pro,17,no
cust_0055,16,54.32,6,12,pro,25,yes
cust_0056,45,111.58,3,7,pro,9,no
cust_0057,14,191.07,12,47,pro,6,no
cust_0058,38,185.56,3,0,enterprise,36,no
cust_0059,21,79.67,4,42,pro,22,no
cust_0060,20,158.67,4,19,basic,43,yes
cust_0061,20,49.33,12,23,basic,43,yes
cust_0062,30,176.21,11,29,basic,50,no
cust_0063,48,40.2,8,47,basic,38,no
cust_0064,14,20.82,0,44,pro,41,no
cust_0065,48,100.99,5,22,pro,24,no
cust_0066,47,31.33,2,0,basic,15,no
cust_0067,41,22.1,5,6,basic,18,no
cust_0068,23,143.95,6,4,basic,34,yes
cust_0069,16,182.19,2,25,pro,12,no
cust_0070,29,90.22,9,17,basic,4,no
cust_0071,7,117.1,4,9,enterprise,10,yes
cust_0072,45,22.35,3,51,basic,35,no
cust_0073,32,157.72,0,52,enterprise,16,no
cust_0074,18,151.28,12,50,pro,36,no
cust_0075,30,196.79,3,30,basic,48,no
cust_0076,2,73.06,11,13,basic,49,yes
cust_0077,45,69.24,0,51,enterprise,11,no
cust_0078,24,76.0,10,2,pro,41,yes
cust_0079,35,132.1,6,2,basic,3,no
cust_0080,43,164.0,4,21,pro,34,no
cust_0081,47,24.16,11,60,basic,42,no
cust_0082,42,36.25,0,39,basic,35,no
cust_0083,6,149.37,1,58,pro,31,no
cust_0084,41,32.21,0,12,pro,16,no
cust_0085,7,43.07,4,2,pro,6,yes
cust_0086,48,178.39,5,34,basic,46,no
cust_0087,10,167.57,3,9,enterprise,22,yes
cust_0088,24,178.49,4,10,basic,34,yes
cust_0089,38,61.18,0,23,pro,50,no
cust_0090,27,144.41,5,39,basic,5,no
cust_0091,31,91.67,10,53,basic,37,no
cust_0092,31,97.82,5,20,basic,16,no
cust_0093,36,147.09,11,43,basic,19,no
cust_0094,23,51.78,0,2,pro,13,no
cust_0095,31,199.84,7,52,basic,24,no
cust_0096,26,78.6,12,25,pro,45,yes
cust_0097,2,64.14,10,16,basic,18,yes
cust_0098,14,120.93,6,7,basic,39,no
cust_0099,14,76.01,2,30,basic,11,no
cust_0100,21,71.03,5,46,basic,36,no
cust_0101,27,192.69,9,43,basic,3,no
cust_0102,6,146.25,8,52,enterprise,44,no
cust_0103,10,100.48,9,43,pro,49,no
cust_0104,13,38.88,3,35,basic,28,no
cust_0105,36,29.97,6,8,basic,26,no
cust_0106,39,20.59,5,5,basic,37,yes
cust_0107,37,149.98,4,43,enterprise,31,no
cust_0108,21,148.94,3,46,pro,28,no
cust_0109,3,40.08,10,21,pro,3,yes
cust_0110,15,43.95,1,55,basic,30,no
cust_0111,34,84.16,4,55,basic,20,no
cust_0112,38,74.06,9,46,enterprise,47,no
cust_0113,2,84.35,1,11,enterprise,18,no
cust_0114,8,24.16,2,3,basic,44,no
cust_0115,37,172.28,9,35,pro,35,no
cust_0116,22,196.91,7,56,basic,22,no
cust_0117,32,25.87,10,36,basic,5,no
cust_0118,16,42.43,4,11,pro,10,yes
cust_0119,26,41.94,9,46,basic,12,no
cust_0120,45,162.28,0,7,pro,35,no
cust_0121,48,48.81,11,44,pro,3,no
cust_0122,25,163.66,8,2,enterprise,33,no
cust_0123,8,192.59,5,23,pro,15,yes
cust_0124,26,24.27,1,46,pro,25,no
cust_0125,25,138.64,6,6,pro,14,no
cust_0126,41,86.13,6,45,pro,12,no
cust_0127,9,59.84,1,52,pro,29,no
cust_0128,36,100.87,7,29,enterprise,8,no
cust_0129,8,53.38,12,39,pro,2,no
cust_0130,12,174.8,0,9,basic,21,no
cust_0131,13,132.79,5,60,pro,26,no
cust_0132,34,184.03,11,29,enterprise,24,no
cust_0133,47,54.02,12,33,basic,11,no
cust_0134,12,69.17,2,15,basic,5,no
cust_0135,9,195.66,2,23,pro,46,yes
cust_0136,37,79.5,8,16,enterprise,39,no
cust_0137,44,66.26,5,31,pro,4,no
cust_0138,30,122.74,12,39,pro,43,no
cust_0139,29,184.73,12,60,pro,26,no
cust_0140,42,157.02,6,49,pro,40,no
cust_0141,48,116.74,1,26,basic,10,no
cust_0142,1,105.57,2,47,pro,8,no
cust_0143,10,134.27,9,9,pro,7,yes
cust_0144,9,152.35,5,26,basic,27,no
cust_0145,27,130.77,4,21,basic,2,yes
cust_0146,22,79.63,6,2,basic,36,yes
cust_0147,4,45.69,1,36,enterprise,40,no
cust_0148,3,22.49,7,14,basic,38,yes
cust_0149,22,152.19,1,7,pro,34,no
cust_0150,45,175.82,9,32,basic,8,no
cust_0151,11,180.54,12,9,pro,20,yes
cust_0152,38,100.02,0,10,pro,17,no
cust_0153,35,148.86,4,43,pro,38,no
cust_0154,8,165.2,12,5,enterprise,50,yes
cust_0155,46,85.11,10,52,basic,17,no
cust_0156,11,112.13,11,40,basic,44,no
cust_0157,4,80.79,6,15,pro,25,yes
cust_0158,36,120.94,3,11,pro,2,no
cust_0159,29,114.23,10,4,basic,29,no
cust_0160,36,67.16,12,50,pro,6,no
cust_0161,7,76.36,12,27,basic,37,no
cust_0162,32,181.71,9,6,pro,43,no
cust_0163,33,151.92,9,17,pro,3,no
cust_0164,13,139.35,6,17,basic,47,yes
cust_0165,28,80.85,0,59,basic,37,no
cust_0166,6,69.07,0,32,pro,45,no
cust_0167,28,25.36,6,11,pro,49,no
cust_0168,36,165.51,7,37,pro,19,no
cust_0169,34,25.28,7,53,enterprise,38,no
cust_0170,4,169.54,2,29,pro,17,no
cust_0171,39,150.67,0,3,pro,11,no
cust_0172,31,33.97,6,20,enterprise,49,no
cust_0173,39,29.64,3,4,enterprise,26,no
cust_0174,24,197.24,9,29,pro,9,no
cust_0175,44,57.22,6,46,pro,40,no
cust_0176,33,50.29,1,29,enterprise,41,no
cust_0177,39,139.95,7,17,basic,21,no
cust_0178,30,139.14,7,60,enterprise,44,no
cust_0179,9,140.65,12,20,basic,6,yes
cust_0180,17,99.9,11,8,basic,36,no
cust_0181,12,186.46,10,51,pro,11,no
cust_0182,5,129.43,1,25,basic,28,no
cust_0183,20,176.54,9,3,enterprise,10,no
cust_0184,33,120.36,3,51,enterprise,50,no
cust_0185,34,64.25,4,51,enterprise,44,no
cust_0186,9,165.92,4,51,pro,15,no
cust_0187,29,48.7,9,14,enterprise,17,no
cust_0188,8,73.15,3,18,enterprise,33,yes
cust_0189,48,87.65,12,8,pro,29,no
cust_0190,31,165.15,2,10,enterprise,5,no
cust_0191,2,86.37,12,28,basic,25,no
cust_0192,5,95.51,11,42,pro,20,no
cust_0193,19,125.63,7,31,pro,37,no
cust_0194,29,78.57,6,30,basic,21,no
cust_0195,16,190.34,3,3,pro,32,yes
cust_0196,45,90.82,5,56,basic,27,no
cust_0197,7,179.63,9,20,pro,36,yes
cust_0198,15,106.38,2,58,basic,41,no
cust_0199,24,107.17,9,23,basic,12,yes
cust_0200,13,183.62,5,49,pro,10,no
cust_0201,11,155.81,8,14,basic,37,yes
cust_0202,35,48.78,3,44,basic,24,no
cust_0203,1,70.58,2,30,basic,23,no
cust_0204,9,102.84,3,8,pro,38,no
cust_0205,8,30.43,10,7,pro,32,no
cust_0206,7,81.43,8,34,basic,33,no
cust_0207,32,93.37,9,5,basic,48,no
cust_0208,31,35.85,4,60,pro,33,no
cust_0209,35,45.2,11,10,basic,27,no
cust_0210,35,111.57,0,29,enterprise,2,no
cust_0211,27,191.28,2,41,basic,19,no
cust_0212,38,56.28,0,45,pro,2,no
cust_0213,39,34.56,7,51,basic,11,no
cust_0214,33,144.93,2,13,basic,17,no
cust_0215,47,20.91,10,31,enterprise,35,no
cust_0216,18,92.16,11,41,pro,21,no
cust_0217,45,55.68,4,4,pro,23,no
cust_0218,46,174.56,3,58,pro,29,no
cust_0219,41,159.31,8,16,basic,10,no
cust_0220,13,75.89,3,39,basic,39,no
cust_0221,22,157.39,9,11,pro,41,yes
cust_0222,3,117.47,5,56,pro,24,no
cust_0223,39,187.81,0,10,basic,19,no
cust_0224,30,194.4,4,10,enterprise,49,no
cust_0225,23,54.63,12,10,pro,39,yes
cust_0226,21,162.68,0,26,basic,30,yes
cust_0227,8,55.69,5,16,enterprise,44,yes
cust_0228,11,196.03,2,44,basic,12,no
cust_0229,43,97.87,5,19,basic,43,no
cust_0230,6,167.37,8,57,basic,19,no
cust_0231,42,199.98,4,44,basic,47,no
cust_0232,7,73.11,4,5,enterprise,25,yes
cust_0233,2,72.09,1,43,basic,23,no
cust_0234,37,199.58,0,2,basic,31,no
cust_0235,29,187.79,0,33,pro,42,no
cust_0236,28,166.98,8,13,basic,33,no
cust_0237,2,72.79,5,41,basic,44,no
cust_0238,8,21.19,10,45,pro,35,no
cust_0239,10,45.59,3,9,pro,36,no
cust_0240,13,157.46,1,50,enterprise,40,yes
cust_0241,35,199.59,8,18,enterprise,30,no
cust_0242,21,65.47,8,16,enterprise,18,no
cust_0243,14,21.64,2,1,pro,1,no
cust_0244,40,47.38,3,35,basic,2,no
cust_0245,42,198.7,1,41,enterprise,43,no
cust_0246,7,43.33,6,10,enterprise,32,yes
cust_0247,9,97.87,3,46,basic,33,yes
cust_0248,43,125.83,0,3,enterprise,13,no
cust_0249,27,103.24,11,43,basic,34,no
cust_0250,28,60.38,0,57,enterprise,27,no
cust_0251,38,71.51,1,22,pro,48,no
cust_0252,32,35.09,10,35,basic,29,no
cust_0253,10,148.71,9,60,basic,7,no
cust_0254,4,79.47,11,28,basic,50,no
cust_0255,38,24.28,11,30,basic,14,no
cust_0256,22,122.8,5,5,basic,7,yes
cust_0257,36,122.95,1,41,basic,41,no
cust_0258,22,96.97,3,40,enterprise,4,no
cust_0259,40,24.42,3,19,enterprise,36,no
cust_0260,44,62.52,11,53,pro,15,no
cust_0261,31,155.71,0,24,pro,29,no
cust_0262,47,60.91,9,54,pro,23,no
cust_0263,17,42.12,6,32,basic,35,no
cust_0264,5,190.01,7,6,basic,10,yes
cust_0265,18,117.44,0,23,basic,21,no
cust_0266,33,92.59,0,5,basic,4,no
cust_0267,29,83.3,4,14,enterprise,4,no
cust_0268,41,79.65,3,1,pro,7,no
cust_0269,15,162.35,4,48,basic,3,no
cust_0270,4,69.01,10,42,basic,14,no
cust_0271,38,133.56,9,0,basic,34,no
cust_0272,16,51.01,1,16,basic,34,no
cust_0273,21,173.73,3,44,enterprise,2,no
cust_0274,23,33.68,9,10,basic,30,yes
cust_0275,19,104.81,6,57,enterprise,22,no
cust_0276,14,196.79,4,30,basic,18,no
cust_0277,47,176.89,1,47,basic,7,no
cust_0278,44,127.74,12,26,basic,25,no
cust_0279,29,181.7,1,52,pro,1,no
cust_0280,38,60.59,0,10,pro,45,no
cust_0281,13,56.06,8,22,basic,48,yes
cust_0282,31,112.16,6,59,pro,10,no
cust_0283,13,120.9,10,19,enterprise,8,yes
cust_0284,48,134.4,0,7,pro,3,no
cust_0285,13,195.71,1,38,basic,27,no
cust_0286,6,82.04,7,36,enterprise,20,no
cust_0287,38,199.67,10,24,basic,46,no
cust_0288,28,42.4,4,37,basic,27,no
cust_0289,35,114.7,1,1,pro,20,no
cust_0290,13,195.59,5,40,pro,4,no
cust_0291,28,182.51,6,41,pro,40,no
cust_0292,27,113.22,9,28,basic,21,no
cust_0293,19,143.42,7,4,enterprise,22,no
cust_0294,2,53.09,12,21,basic,18,yes
cust_0295,29,196.88,1,0,pro,49,no
cust_0296,37,84.46,5,17,pro,42,no
cust_0297,37,145.45,11,60,basic,27,no
cust_0298,16,96.53,3,28,enterprise,36,yes
cust_0299,32,178.47,0,42,enterprise,14,no
cust_0300,31,75.72,3,21,enterprise,38,no
cust_0301,37,37.73,6,9,pro,7,no
cust_0302,2,79.87,1,43,basic,11,no
cust_0303,16,43.41,0,43,pro,5,no
cust_0304,35,103.42,5,47,basic,27,no
cust_0305,40,190.04,6,44,pro,20,no
cust_0306,44,90.87,4,42,basic,48,no
cust_0307,12,121.48,5,27,pro,48,no
cust_0308,42,36.36,8,32,basic,50,no
cust_0309,27,30.87,6,28,enterprise,30,no
cust_0310,36,125.41,9,20,pro,21,no
cust_0311,28,133.12,4,54,pro,13,no
cust_0312,21,28.12,12,3,basic,23,yes
cust_0313,11,188.2,1,19,enterprise,36,no
cust_0314,16,109.4,11,32,basic,22,no
cust_0315,43,95.98,11,34,basic,40,no
cust_0316,35,133.5,3,22,basic,16,no
cust_0317,5,166.43,0,23,basic,14,no
cust_0318,46,118.24,2,46,enterprise,30,no
cust_0319,37,133.16,2,30,pro,22,no
cust_0320,34,42.12,7,10,pro,47,no
cust_0321,19,199.35,7,21,pro,39,yes
cust_0322,7,145.87,9,2,enterprise,7,yes
cust_0323,44,48.05,6,45,enterprise,36,no
cust_0324,44,131.78,10,11,pro,17,no
cust_0325,33,137.61,0,8,basic,10,no
cust_0326,34,180.43,3,2,basic,18,no
cust_0327,29,130.8,8,52,basic,42,no
cust_0328,21,171.59,6,21,basic,48,yes
cust_0329,43,24.1,5,4,basic,37,yes
cust_0330,29,163.42,10,20,pro,9,no
cust_0331,7,100.4,0,59,basic,47,no
cust_0332,30,54.19,2,55,enterprise,50,no
cust_0333,36,90.15,10,59,pro,16,no
cust_0334,10,154.25,5,47,pro,28,no
cust_0335,31,165.67,10,29,basic,8,no
cust_0336,44,165.67,0,39,basic,47,no
cust_0337,5,99.27,6,3,pro,46,yes
cust_0338,13,107.97,10,27,pro,20,no
cust_0339,12,153.52,11,50,pro,48,no
cust_0340,21,50.6,4,59,pro,37,no
cust_0341,5,57.66,12,47,basic,45,no
cust_0342,38,198.74,8,26,basic,41,no
cust_0343,5,130.08,11,34,enterprise,17,no
cust_0344,22,175.38,9,51,enterprise,25,no
cust_0345,24,110.54,4,10,enterprise,39,yes
cust_0346,32,165.39,0,14,basic,5,no
cust_0347,47,91.02,7,30,basic,25,no
cust_0348,39,29.87,2,32,basic,21,no
cust_0349,13,162.11,12,46,basic,14,no
cust_0350,13,42.27,8,31,enterprise,36,no
cust_0351,40,104.87,7,9,basic,21,no
cust_0352,24,157.85,9,10,basic,3,yes
cust_0353,29,41.0,6,29,enterprise,38,no
cust_0354,34,181.18,10,7,pro,41,no
cust_0355,25,111.45,9,46,pro,22,no
cust_0356,23,43.0,12,23,enterprise,36,yes
cust_0357,19,64.66,1,11,pro,17,no
cust_0358,10,120.62,0,13,pro,30,no
cust_0359,9,58.19,5,50,pro,21,no
cust_0360,5,51.94,5,47,basic,44,no
cust_0361,30,30.9,10,4,pro,16,no
cust_0362,39,196.49,1,14,enterprise,50,no
cust_0363,21,175.84,6,19,basic,18,yes
cust_0364,15,116.48,0,42,basic,41,no
cust_0365,25,164.63,11,59,pro,20,no
cust_0366,7,55.02,0,2,enterprise,9,no
cust_0367,17,100.01,7,18,pro,44,yes
cust_0368,18,25.79,0,13,pro,11,no
cust_0369,6,46.0,11,47,pro,16,no
cust_0370,2,123.81,4,18,enterprise,14,yes
cust_0371,4,166.81,7,48,basic,16,no
cust_0372,31,115.85,5,52,enterprise,34,no
cust_0373,26,181.85,8,36,basic,30,no
cust_0374,42,197.4,2,36,pro,15,no
cust_0375,32,107.37,6,14,pro,34,no
cust_0376,30,142.82,10,50,enterprise,26,no
cust_0377,29,58.83,5,11,enterprise,46,no
cust_0378,32,111.77,2,6,enterprise,17,no
cust_0379,21,81.61,0,35,enterprise,26,no
cust_0380,21,116.64,9,5,pro,34,yes
cust_0381,33,38.86,5,30,basic,29,no
cust_0382,33,44.58,11,27,basic,37,no
cust_0383,30,40.61,9,15,basic,40,no
cust_0384,32,66.92,5,8,pro,14,no
cust_0385,29,191.87,2,10,basic,48,no
cust_0386,36,187.85,8,8,pro,25,no
cust_0387,29,128.12,5,51,enterprise,41,no
cust_0388,39,108.62,10,58,enterprise,13,no
cust_0389,28,167.62,1,43,basic,19,no
cust_0390,8,171.12,8,45,pro,29,no
cust_0391,4,113.79,1,14,enterprise,19,no
cust_0392,12,177.0,5,19,enterprise,13,yes
cust_0393,18,50.62,8,20,basic,19,yes
cust_0394,28,189.91,4,39,pro,44,no
cust_0395,18,50.08,8,42,pro,23,no
cust_0396,9,53.1,11,42,basic,50,no
cust_0397,3,138.04,11,44,pro,17,no
cust_0398,28,180.5,1,28,pro,4,no
cust_0399,48,53.39,4,25,pro,30,no
cust_0400,2,193.63,11,13,enterprise,10,no
cust_0401,21,118.84,1,34,pro,49,no
cust_0402,4,167.25,8,16,enterprise,48,yes
cust_0403,21,56.76,5,5,basic,26,yes
cust_0404,33,152.38,11,24,pro,49,no
cust_0405,42,127.23,3,14,pro,13,no
cust_0406,8,33.63,3,33,basic,24,no
cust_0407,39,166.86,8,12,pro,31,no
cust_0408,27,175.62,12,26,basic,11,no
cust_0409,29,102.71,7,36,enterprise,28,no
cust_0410,37,95.15,3,29,pro,19,no
cust_0411,18,140.82,5,17,pro,25,yes
cust_0412,46,28.32,0,24,enterprise,48,no
cust_0413,37,183.74,0,29,pro,12,no
cust_0414,41,189.31,0,36,basic,43,yes
cust_0415,9,128.33,1,37,pro,6,no
cust_0416,40,56.33,7,39,pro,21,no
cust_0417,36,147.35,8,60,pro,10,no
cust_0418,40,27.32,4,44,basic,39,no
cust_0419,39,72.33,6,20,enterprise,32,no
cust_0420,15,152.8,0,13,basic,43,no
cust_0421,10,95.23,0,16,pro,22,no
cust_0422,48,66.21,0,58,basic,9,no
cust_0423,17,109.38,5,31,enterprise,20,no
cust_0424,14,174.75,4,38,basic,20,no
cust_0425,24,179.06,2,1,enterprise,49,no
cust_0426,10,61.19,10,7,basic,39,yes
cust_0427,43,156.09,10,37,enterprise,37,no
cust_0428,17,111.89,6,17,basic,8,yes
cust_0429,8,125.54,4,31,basic,6,no
cust_0430,24,127.47,0,12,pro,43,no
cust_0431,11,126.99,7,14,pro,49,yes
cust_0432,39,143.95,7,6,basic,42,no
cust_0433,41,56.63,12,56,pro,34,no
cust_0434,39,167.25,1,49,pro,48,no
cust_0435,42,82.32,8,5,pro,19,no
cust_0436,44,57.15,8,41,enterprise,44,no
cust_0437,22,127.1,10,49,basic,33,no
cust_0438,6,148.84,3,46,pro,47,no
cust_0439,18,174.78,2,1,basic,10,no
cust_0440,46,87.05,3,48,basic,9,no
cust_0441,8,29.48,6,47,pro,22,no
cust_0442,35,37.58,5,26,pro,8,no
cust_0443,31,173.42,8,34,enterprise,7,no
cust_0444,12,124.38,1,18,basic,23,no
cust_0445,43,158.34,3,43,basic,13,no
cust_0446,38,150.23,11,25,pro,5,no
cust_0447,15,192.62,5,14,basic,28,no
cust_0448,35,166.57,11,43,pro,39,yes
cust_0449,9,95.09,1,9,pro,10,no
cust_0450,4,183.73,0,16,enterprise,28,no
cust_0451,21,33.14,5,40,pro,42,no
cust_0452,23,173.62,3,57,enterprise,38,no
cust_0453,32,44.88,2,45,enterprise,40,no
cust_0454,38,166.58,8,28,basic,47,no
cust_0455,21,59.58,8,21,pro,48,no
cust_0456,30,59.39,4,33,pro,47,no
cust_0457,26,147.55,7,8,pro,37,no
cust_0458,33,42.76,11,41,enterprise,22,no
cust_0459,31,72.71,7,0,basic,29,no
cust_0460,40,110.14,9,30,enterprise,5,no
cust_0461,19,196.05,12,21,basic,1,no
cust_0462,40,186.59,1,23,enterprise,9,no
cust_0463,23,81.67,2,47,basic,35,no
cust_0464,14,80.26,3,53,enterprise,43,no
cust_0465,28,154.3,11,14,basic,10,no
cust_0466,41,134.4,7,15,enterprise,23,no
cust_0467,41,83.53,12,39,pro,37,yes
cust_0468,22,136.41,1,28,basic,36,no
cust_0469,27,199.85,9,42,enterprise,22,no
cust_0470,18,104.33,5,32,pro,4,no
cust_0471,33,59.9,4,4,enterprise,10,no
cust_0472,6,86.53,6,24,basic,34,no
cust_0473,13,187.6,4,43,basic,28,no
cust_0474,19,101.74,2,27,basic,23,no
cust_0475,45,186.49,12,13,pro,30,no
cust_0476,48,32.08,10,32,basic,25,no
cust_0477,18,21.07,10,50,pro,19,no
cust_0478,34,49.86,8,27,basic,4,no
cust_0479,12,107.99,6,7,pro,13,yes
cust_0480,48,104.54,2,41,basic,28,no
cust_0481,2,74.69,8,0,pro,16,no
cust_0482,26,48.14,9,25,basic,45,no
cust_0483,25,176.93,6,49,enterprise,47,no
cust_0484,34,155.26,4,35,pro,35,yes
cust_0485,26,133.25,4,34,pro,35,yes
cust_0486,46,41.99,8,11,basic,31,no
cust_0487,25,166.24,4,46,pro,38,no
cust_0488,30,133.09,1,8,basic,17,no
cust_0489,13,54.64,7,36,pro,27,no
cust_0490,8,32.49,4,39,pro,18,no
cust_0491,8,85.3,10,42,basic,44,no
cust_0492,42,27.95,5,0,basic,45,no
cust_0493,20,25.36,10,9,pro,17,yes
cust_0494,26,173.33,2,48,basic,42,no
cust_0495,16,46.61,3,8,pro,10,yes
cust_0496,35,109.44,5,9,basic,8,no
cust_0497,25,139.6,3,52,enterprise,8,no
cust_0498,14,186.46,10,4,pro,37,yes
cust_0499,43,101.35,7,31,enterprise,2,no
cust_0500,21,152.74,6,54,basic,30,no
cust_0501,45,197.31,7,57,basic,36,no
cust_0502,46,78.75,3,46,pro,28,no
cust_0503,28,30.6,0,52,pro,13,no
cust_0504,43,131.93,11,16,pro,48,no
cust_0505,2,45.22,4,2,basic,39,yes
cust_0506,12,142.41,6,59,pro,19,no
cust_0507,13,175.89,11,0,basic,11,yes
cust_0508,43,80.29,10,49,basic,49,no
cust_0509,38,36.56,5,8,pro,49,no
cust_0510,33,87.22,7,1,pro,13,no
cust_0511,18,143.02,1,23,pro,5,no
cust_0512,37,124.36,8,16,basic,10,no
cust_0513,15,21.23,0,2,basic,38,no
cust_0514,35,183.65,12,25,basic,33,no
cust_0515,24,79.28,11,46,enterprise,47,no
cust_0516,35,41.41,2,3,pro,36,no
cust_0517,41,59.36,12,14,basic,7,no
cust_0518,44,193.96,11,38,pro,20,no
cust_0519,43,131.71,7,17,pro,45,no
cust_0520,33,20.66,7,42,pro,17,no
cust_0521,39,84.18,5,31,pro,35,no
cust_0522,20,52.4,1,20,enterprise,10,no
cust_0523,12,57.23,7,28,pro,42,no
cust_0524,35,114.82,11,57,basic,44,no
cust_0525,3,176.27,6,22,basic,1,yes
cust_0526,31,51.46,2,49,enterprise,42,no
cust_0527,14,88.8,7,50,basic,3,no
cust_0528,31,124.82,1,32,basic,3,no
cust_0529,33,197.59,7,45,basic,48,no
cust_0530,9,79.79,1,12,basic,13,no
cust_0531,22,100.93,1,20,pro,9,no
cust_0532,48,34.08,1,7,pro,1,no
cust_0533,42,39.45,10,9,enterprise,29,no
cust_0534,33,132.68,4,48,basic,14,no
cust_0535,39,82.69,7,31,pro,23,no
cust_0536,37,164.25,6,52,pro,43,no
cust_0537,24,166.82,2,46,basic,48,no
cust_0538,28,53.18,7,51,enterprise,14,no
cust_0539,1,150.81,8,55,pro,42,no
cust_0540,15,190.81,1,10,basic,21,no
cust_0541,10,67.0,11,41,enterprise,37,no
cust_0542,4,152.48,2,0,basic,7,no
cust_0543,40,53.6,1,26,basic,43,no
cust_0544,9,197.02,1,19,pro,43,no
cust_0545,35,138.08,12,34,basic,45,no
cust_0546,9,43.64,5,55,pro,9,yes
cust_0547,21,196.26,12,48,pro,44,no
cust_0548,33,31.45,12,30,basic,23,no
cust_0549,5,43.85,7,28,pro,15,no
cust_0550,22,136.41,11,25,enterprise,19,yes
cust_0551,46,87.08,0,35,basic,42,no
cust_0552,10,26.48,2,25,basic,39,no
cust_0553,11,51.87,9,6,basic,37,yes
cust_0554,48,49.9,2,38,pro,27,no
cust_0555,24,196.24,10,58,basic,43,no
cust_0556,33,156.13,10,39,pro,6,no
cust_0557,2,119.57,3,59,enterprise,12,no
cust_0558,23,51.57,11,43,enterprise,49,no
cust_0559,37,185.2,1,36,basic,7,no
cust_0560,28,173.13,11,41,pro,3,no
cust_0561,6,74.06,8,27,pro,41,no
cust_0562,24,105.86,1,20,basic,44,no
cust_0563,19,84.01,4,11,basic,11,yes
cust_0564,1,192.55,1,39,enterprise,35,no
cust_0565,13,199.94,3,12,basic,25,yes
cust_0566,5,39.64,2,32,basic,33,no
cust_0567,4,93.66,0,24,pro,1,no
cust_0568,21,184.19,4,23,basic,45,yes
cust_0569,12,86.9,8,5,basic,35,yes
cust_0570,5,146.72,9,35,pro,50,no
cust_0571,11,182.36,9,50,pro,31,no
cust_0572,48,59.22,9,47,pro,47,yes
cust_0573,8,69.38,10,37,pro,36,no
cust_0574,48,35.51,11,29,pro,1,no
cust_0575,46,75.37,10,11,pro,33,no
cust_0576,37,136.96,1,37,basic,23,no
cust_0577,45,161.02,3,6,pro,2,no
cust_0578,45,190.01,8,20,enterprise,37,no
cust_0579,42,160.88,10,0,enterprise,6,no
cust_0580,31,112.62,12,43,basic,48,no
cust_0581,20,171.77,5,38,pro,37,no
cust_0582,44,186.19,5,47,pro,21,no
cust_0583,4,172.78,1,45,enterprise,28,no
cust_0584,15,150.34,11,9,pro,14,yes
cust_0585,41,176.27,9,37,basic,38,no
cust_0586,27,103.6,8,50,enterprise,10,no
cust_0587,33,139.89,9,5,enterprise,26,no
cust_0588,4,187.63,6,52,pro,42,no
cust_0589,21,161.23,4,42,pro,47,no
cust_0590,7,175.38,6,60,basic,8,no
cust_0591,33,33.13,7,54,basic,10,no
cust_0592,30,129.67,10,13,pro,5,no
cust_0593,34,59.33,5,57,basic,31,no
cust_0594,39,33.97,0,31,pro,26,no
cust_0595,17,151.24,11,22,pro,36,yes
cust_0596,37,130.07,0,12,pro,30,no
cust_0597,30,157.07,2,43,enterprise,14,no
cust_0598,24,167.74,4,34,basic,47,no
cust_0599,15,173.94,7,31,basic,19,no
cust_0600,9,70.03,8,39,enterprise,40,no
cust_0601,48,69.19,3,10,basic,14,no
cust_0602,20,45.52,7,43,pro,1,no
cust_0603,31,140.9,11,33,pro,15,no
cust_0604,39,103.77,9,1,enterprise,6,no
cust_0605,6,165.97,3,7,pro,30,yes
cust_0606,8,63.4,4,14,basic,32,no
cust_0607,38,117.61,11,37,basic,41,no
cust_0608,45,191.9,7,20,basic,6,yes
cust_0609,11,47.41,2,45,pro,17,no
cust_0610,37,29.29,3,7,basic,43,no
cust_0611,46,138.8,10,32,pro,2,no
cust_0612,31,36.2,1,12,basic,47,no
cust_0613,29,91.95,9,43,basic,28,no
cust_0614,24,97.02,0,57,basic,11,yes
cust_0615,12,60.71,0,25,enterprise,1,no
cust_0616,22,192.01,1,17,basic,45,no
cust_0617,9,198.52,7,38,basic,42,no
cust_0618,36,128.7,5,23,basic,45,yes
cust_0619,5,97.27,0,7,pro,50,no
cust_0620,24,102.0,7,16,basic,7,yes
cust_0621,26,78.47,8,48,basic,42,no
cust_0622,3,139.21,0,53,basic,15,no
cust_0623,37,170.26,4,42,enterprise,28,no
cust_0624,33,140.46,12,19,pro,27,no
cust_0625,23,21.24,0,28,basic,44,no
cust_0626,24,104.85,6,32,enterprise,33,no
cust_0627,12,66.43,3,26,pro,25,no
cust_0628,8,101.87,7,30,pro,33,no
cust_0629,9,94.57,1,37,pro,4,no
cust_0630,2,98.53,3,55,pro,33,no
cust_0631,40,140.09,8,50,basic,7,no
cust_0632,39,151.73,8,51,pro,20,no
cust_0633,27,80.89,3,3,basic,45,no
cust_0634,44,184.86,2,14,basic,12,no
cust_0635,12,54.3,8,24,enterprise,27,yes
cust_0636,35,34.58,12,32,pro,32,no
cust_0637,45,52.69,2,1,enterprise,33,no
cust_0638,46,169.28,0,55,basic,38,no
cust_0639,1,121.61,0,12,basic,4,no
cust_0640,21,120.24,0,9,basic,3,no
cust_0641,22,182.48,1,44,enterprise,14,no
cust_0642,8,28.46,2,1,pro,11,no
cust_0643,35,77.52,5,57,enterprise,36,no
cust_0644,16,95.61,11,38,enterprise,26,no
cust_0645,16,98.34,6,5,basic,43,no
cust_0646,26,38.98,11,40,basic,32,no
cust_0647,47,199.37,12,31,pro,30,no
cust_0648,31,88.13,3,0,pro,39,yes
cust_0649,23,120.17,1,3,pro,41,no
cust_0650,13,136.97,2,35,pro,23,no
cust_0651,28,101.24,9,6,pro,43,no
cust_0652,22,22.94,5,26,pro,25,no
cust_0653,17,81.15,3,17,enterprise,42,yes
cust_0654,25,148.87,3,40,basic,44,yes
cust_0655,6,172.52,6,21,pro,20,yes
cust_0656,21,180.06,0,17,pro,6,no
cust_0657,26,39.99,12,45,basic,1,no
cust_0658,28,114.86,0,28,basic,12,no
cust_0659,18,186.94,11,2,basic,36,yes
cust_0660,8,35.96,6,57,basic,41,no
cust_0661,43,21.61,12,35,basic,34,no
cust_0662,3,25.12,5,48,basic,10,no
cust_0663,6,88.58,11,48,pro,17,no
cust_0664,20,190.31,5,52,enterprise,14,no
cust_0665,47,93.32,10,44,basic,37,no
cust_0666,25,136.12,3,55,enterprise,31,no
cust_0667,24,64.64,6,12,basic,27,yes
cust_0668,25,114.96,11,8,pro,42,no
cust_0669,34,94.84,2,25,basic,1,no
cust_0670,46,158.72,11,37,pro,48,no
cust_0671,15,109.8,1,52,pro,19,no
cust_0672,2,93.67,10,56,pro,23,no
cust_0673,20,151.31,10,60,basic,15,no
cust_0674,42,107.37,11,14,basic,44,no
cust_0675,37,85.48,8,36,pro,27,no
cust_0676,44,121.35,6,29,pro,6,no
cust_0677,40,31.81,12,50,pro,50,no
cust_0678,13,124.17,3,51,basic,46,no
cust_0679,33,36.16,4,14,basic,40,no
cust_0680,30,28.55,2,48,pro,27,no
cust_0681,1,90.42,9,53,pro,14,no
cust_0682,4,30.99,1,19,basic,3,no
cust_0683,16,44.59,10,41,basic,24,yes
cust_0684,14,125.8,10,25,basic,47,yes
cust_0685,9,89.61,5,10,basic,13,yes
cust_0686,19,95.4,1,58,basic,31,no
cust_0687,39,148.08,7,7,enterprise,4,no
cust_0688,37,182.37,3,10,basic,14,yes
cust_0689,40,129.6,12,0,pro,40,no
cust_0690,33,128.31,2,7,basic,46,no
cust_0691,8,81.25,6,54,pro,32,no
cust_0692,20,35.9,7,42,enterprise,25,no
cust_0693,13,141.74,2,52,pro,44,no
cust_0694,3,93.09,1,26,enterprise,36,no
cust_0695,10,76.96,0,29,enterprise,16,no
cust_0696,12,94.56,6,22,basic,14,yes
cust_0697,6,190.37,2,53,basic,39,yes
cust_0698,22,58.59,0,20,basic,47,no
cust_0699,46,54.8,3,18,pro,19,no
cust_0700,13,168.75,7,35,basic,35,no
cust_0701,46,76.5,12,52,pro,35,no
cust_0702,34,159.03,4,21,pro,13,no
cust_0703,7,199.49,5,4,basic,7,yes
cust_0704,23,140.5,7,0,basic,11,yes
cust_0705,23,122.61,7,15,enterprise,6,yes
cust_0706,35,106.36,0,17,pro,45,no
cust_0707,15,170.06,8,30,enterprise,19,no
cust_0708,34,29.93,5,59,enterprise,34,no
cust_0709,45,186.96,6,11,pro,10,no
cust_0710,47,34.42,0,25,basic,18,no
cust_0711,24,160.55,3,53,enterprise,12,no
cust_0712,10,47.16,10,40,basic,36,yes
cust_0713,17,31.43,2,20,enterprise,9,no
cust_0714,2,38.49,5,26,basic,23,no
cust_0715,26,144.73,10,24,basic,47,no
cust_0716,4,20.55,12,6,basic,29,yes
cust_0717,29,35.48,2,4,enterprise,32,yes
cust_0718,48,141.11,1,41,basic,34,no
cust_0719,6,196.13,2,23,enterprise,34,no
cust_0720,40,139.73,1,27,basic,23,no
cust_0721,11,33.32,1,30,pro,2,no
cust_0722,2,155.97,8,38,pro,42,no
cust_0723,18,116.1,5,7,enterprise,15,yes
cust_0724,28,31.01,10,44,pro,34,no
cust_0725,25,30.09,9,4,pro,5,yes
cust_0726,36,106.06,12,44,pro,5,no
cust_0727,41,118.63,1,41,enterprise,5,no
cust_0728,10,105.83,4,36,enterprise,21,no
cust_0729,39,52.52,0,4,pro,29,no
cust_0730,17,93.2,8,16,basic,28,yes
cust_0731,6,160.27,11,10,basic,44,no
cust_0732,44,85.97,1,48,enterprise,15,no
cust_0733,20,175.95,11,10,basic,42,yes
cust_0734,31,76.67,4,24,pro,44,no
cust_0735,29,71.95,4,48,basic,4,no
cust_0736,45,31.79,7,34,pro,50,no
cust_0737,14,78.86,8,14,pro,6,yes
cust_0738,10,167.95,1,15,enterprise,36,no
cust_0739,47,118.26,1,58,enterprise,48,no
cust_0740,3,37.31,2,5,pro,27,no
cust_0741,44,88.22,8,43,pro,14,no
cust_0742,36,197.48,12,36,enterprise,35,no
cust_0743,14,171.18,2,31,basic,8,no
cust_0744,19,22.65,9,9,enterprise,25,yes
cust_0745,27,191.6,5,18,pro,1,no
cust_0746,4,31.22,5,47,basic,23,no
cust_0747,32,182.2,7,53,pro,25,no
cust_0748,17,114.18,8,28,enterprise,44,no
cust_0749,33,151.18,6,0,basic,11,no
cust_0750,3,40.78,1,19,pro,1,no
cust_0751,22,48.45,8,13,basic,5,no
cust_0752,42,175.75,11,4,basic,18,no
cust_0753,29,54.63,1,25,basic,36,no
cust_0754,41,105.89,11,25,enterprise,26,no
cust_0755,12,95.33,4,6,basic,4,yes
cust_0756,43,197.3,8,53,pro,11,no
cust_0757,13,151.49,8,60,basic,5,no
cust_0758,19,135.79,9,46,pro,7,no
cust_0759,5,152.63,10,19,basic,24,yes
cust_0760,14,100.18,11,40,pro,45,no
cust_0761,24,54.25,2,40,pro,4,no
cust_0762,21,63.67,4,42,pro,48,no
cust_0763,35,92.01,6,29,basic,15,no
cust_0764,23,163.59,1,28,basic,18,no
cust_0765,21,116.64,5,56,pro,1,no
cust_0766,34,121.5,1,34,pro,42,no
cust_0767,7,34.27,2,1,pro,24,no
cust_0768,35,60.54,6,30,enterprise,46,no
cust_0769,37,175.14,2,52,pro,40,no
cust_0770,20,171.39,11,47,pro,7,no
cust_0771,48,99.37,1,37,pro,15,no
cust_0772,36,142.19,3,51,pro,47,no
cust_0773,11,127.91,10,42,pro,43,no
cust_0774,19,142.53,2,17,basic,48,no
cust_0775,10,188.45,12,37,basic,27,no
cust_0776,19,45.48,5,14,enterprise,9,yes
cust_0777,47,72.34,4,40,basic,49,no
cust_0778,29,78.67,9,47,pro,29,yes
cust_0779,16,117.09,3,38,pro,35,no
cust_0780,2,168.24,5,13,enterprise,37,yes
cust_0781,5,123.26,10,57,enterprise,9,no
cust_0782,32,23.16,3,12,enterprise,34,no
cust_0783,43,73.44,1,19,enterprise,40,no
cust_0784,1,69.19,4,57,basic,27,no
cust_0785,34,47.21,11,2,pro,45,no
cust_0786,16,104.01,5,10,basic,26,yes
cust_0787,5,77.35,5,21,pro,11,yes
cust_0788,36,146.31,12,54,pro,26,no
cust_0789,36,121.74,4,3,pro,11,no
cust_0790,42,64.67,6,28,pro,43,no
cust_0791,12,140.0,2,0,basic,48,no
cust_0792,1,46.6,3,34,pro,19,no
cust_0793,28,118.77,7,26,pro,32,no
cust_0794,8,131.13,10,18,pro,50,yes
cust_0795,26,93.15,8,54,enterprise,2,no
cust_0796,34,47.21,3,8,pro,23,no
cust_0797,36,166.74,12,22,pro,45,no
cust_0798,47,199.04,3,48,basic,9,no
cust_0799,41,42.43,8,10,basic,37,no
