account_id,tenure_months,contract,tech_support,monthly_charges,internet_service,total_charges,churned
acct_0000,60,one_year,yes,119.5,fiber,7170.0,no
acct_0001,32,two_year,no,31.66,none,1013.12,no
acct_0002,16,month-to-month,yes,85.8,fiber,1372.8,no
acct_0003,52,one_year,yes,114.03,none,5929.56,no
acct_0004,22,month-to-month,no,32.19,none,708.18,no
acct_0005,5,one_year,yes,66.56,fiber,332.8,no
acct_0006,41,month-to-month,yes,96.01,dsl,3936.41,no
acct_0007,18,month-to-month,no,74.21,none,1335.78,no
acct_0008,61,month-to-month,yes,54.18,none,3304.98,no
acct_0009,17,one_year,no,103.41,none,1757.97,no
acct_0010,28,one_year,yes,68.2,fiber,1909.6,no
acct_0011,71,one_year,yes,34.84,fiber,2473.64,no
acct_0012,53,two_year,yes,71.13,dsl,3769.89,no
acct_0013,15,month-to-month,yes,18.4,dsl,276.0,no
acct_0014,72,month-to-month,no,33.96,none,2445.12,no
acct_0015,48,one_year,no,113.46,dsl,5446.08,no
acct_0016,8,month-to-month,no,68.61,none,548.88,yes
acct_0017,14,two_year,yes,71.46,dsl,1000.44,no
acct_0018,24,month-to-month,no,31.58,dsl,757.92,yes
acct_0019,66,month-to-month,no,26.0,dsl,1716.0,no
acct_0020,10,month-to-month,no,92.03,dsl,920.3,yes
acct_0021,44,two_year,yes,33.55,none,1476.2,yes
acct_0022,22,one_year,no,92.68,dsl,2038.96,no
acct_0023,37,one_year,no,76.0,dsl,2812.0,no
acct_0024,45,month-to-month,no,72.36,fiber,3256.2,no
acct_0025,24,month-to-month,no,57.32,dsl,1375.68,yes
acct_0026,15,month-to-month,no,93.13,fiber,1396.95,yes
acct_0027,60,two_year,no,85.78,fiber,5146.8,no
acct_0028,1,month-to-month,yes,23.93,dsl,23.93,no
acct_0029,56,month-to-month,no,98.9,dsl,5538.4,no
acct_0030,63,month-to-month,yes,94.84,dsl,5974.92,no
acct_0031,58,month-to-month,no,81.94,none,4752.52,no
acct_0032,43,two_year,yes,38.29,dsl,1646.47,no
acct_0033,48,month-to-month,yes,26.18,none,1256.64,no
acct_0034,2,month-to-month,no,32.43,fiber,64.86,yes
acct_0035,52,month-to-month,yes,66.0,none,3432.0,no
acct_0036,60,month-to-month,no,18.39,dsl,1103.4,no
acct_0037,27,one_year,yes,30.26,none,817.02,no
acct_0038,49,month-to-month,yes,87.26,fiber,4275.74,no
acct_0039,44,month-to-month,yes,54.75,fiber,2409.0,no
acct_0040,35,one_year,yes,97.0,none,3395.0,no
acct_0041,20,two_year,yes,66.28,dsl,1325.6,no
acct_0042,11,two_year,no,95.81,fiber,1053.91,no
acct_0043,41,two_year,yes,85.79,fiber,3517.39,no
acct_0044,13,month-to-month,yes,59.72,none,776.36,no
acct_0045,13,month-to-month,no,89.51,none,1163.63,yes
acct_0046,52,two_year,no,106.24,none,5524.48,no
acct_0047,56,month-to-month,no,46.28,dsl,2591.68,no
acct_0048,32,month-to-month,yes,96.11,fiber,3075.52,no
acct_0049,16,month-to-month,yes,63.28,none,1012.48,no
acct_0050,35,month-to-month,no,28.2,dsl,987.0,yes
acct_0051,6,two_year,no,87.82,none,526.92,no
acct_0052,30,month-to-month,yes,109.27,fiber,3278.1,no
acct_0053,36,two_year,yes,74.65,none,2687.4,no
acct_0054,25,one_year,no,94.95,dsl,2373.75,no
acct_0055,57,month-to-month,yes,47.51,fiber,2708.07,no
acct_0056,53,month-to-month,yes,98.01,fiber,5194.53,no
acct_0057,42,month-to-month,yes,73.58,fiber,3090.36,no
acct_0058,34,two_year,yes,79.2,none,2692.8,no
acct_0059,55,month-to-month,no,52.63,dsl,2894.65,no
acct_0060,27,one_year,no,108.73,dsl,2935.71,no
acct_0061,58,one_year,no,37.24,fiber,2159.92,no
acct_0062,34,month-to-month,no,46.65,none,1586.1,yes
acct_0063,29,two_year,yes,56.73,dsl,1645.17,yes
acct_0064,61,one_year,no,115.8,fiber,7063.8,no
acct_0065,8,two_year,yes,97.96,fiber,783.68,no
acct_0066,14,two_year,no,53.79,fiber,753.06,no
acct_0067,49,one_year,no,41.38,none,2027.62,no
acct_0068,24,month-to-month,yes,83.9,fiber,2013.6,no
acct_0069,9,two_year,yes,29.62,fiber,266.58,no
acct_0070,28,two_year,no,81.6,none,2284.8,no
acct_0071,31,month-to-month,yes,101.83,none,3156.73,no
acct_0072,17,two_year,yes,26.42,none,449.14,no
acct_0073,28,two_year,no,116.61,dsl,3265.08,no
acct_0074,36,one_year,no,91.88,dsl,3307.68,no
acct_0075,65,month-to-month,yes,84.27,dsl,5477.55,no
acct_0076,6,two_year,yes,42.07,none,252.42,no
acct_0077,11,two_year,yes,23.09,dsl,253.99,no
acct_0078,3,one_year,yes,35.11,dsl,105.33,no
acct_0079,32,month-to-month,no,32.84,none,1050.88,no
acct_0080,15,two_year,yes,67.33,fiber,1009.95,no
acct_0081,28,two_year,yes,29.48,none,825.44,no
acct_0082,54,month-to-month,yes,44.53,dsl,2404.62,no
acct_0083,19,month-to-month,yes,52.07,dsl,989.33,no
acct_0084,23,one_year,yes,93.64,dsl,2153.72,no
acct_0085,13,two_year,yes,101.6,fiber,1320.8,no
acct_0086,29,month-to-month,no,70.56,fiber,2046.24,yes
acct_0087,68,two_year,yes,95.12,none,6468.16,no
acct_0088,17,month-to-month,yes,19.54,dsl,332.18,no
acct_0089,37,month-to-month,no,111.23,dsl,4115.51,no
acct_0090,19,month-to-month,no,109.08,none,2072.52,yes
acct_0091,56,month-to-month,yes,27.39,none,1533.84,no
acct_0092,1,month-to-month,no,103.0,none,103.0,yes
acct_0093,35,one_year,yes,79.36,none,2777.6,no
acct_0094,16,two_year,yes,83.68,dsl,1338.88,no
acct_0095,6,one_year,yes,53.23,fiber,319.38,no
acct_0096,34,month-to-month,yes,36.39,none,1237.26,no
acct_0097,27,two_year,yes,25.93,fiber,700.11,no
acct_0098,41,two_year,yes,97.91,dsl,4014.31,no
acct_0099,24,one_year,yes,25.87,fiber,620.88,no
acct_0100,65,two_year,yes,97.89,fiber,6362.85,no
acct_0101,64,month-to-month,yes,30.75,fiber,1968.0,no
acct_0102,48,one_year,yes,114.24,dsl,5483.52,no
acct_0103,33,month-to-month,yes,92.73,fiber,3060.09,no
acct_0104,70,two_year,yes,50.73,dsl,3551.1,no
acct_0105,29,month-to-month,no,95.65,none,2773.85,yes
acct_0106,29,month-to-month,yes,19.84,dsl,575.36,no
acct_0107,32,two_year,yes,39.63,dsl,1268.16,no
acct_0108,23,month-to-month,yes,48.59,none,1117.57,no
acct_0109,40,month-to-month,yes,54.64,dsl,2185.6,no
acct_0110,49,month-to-month,yes,99.41,fiber,4871.09,no
acct_0111,60,month-to-month,yes,111.93,dsl,6715.8,yes
acct_0112,61,two_year,no,38.7,dsl,2360.7,no
acct_0113,8,one_year,no,77.07,dsl,616.56,no
acct_0114,64,month-to-month,no,67.81,dsl,4339.84,no
acct_0115,25,month-to-month,yes,42.9,none,1072.5,no
acct_0116,49,two_year,yes,52.11,dsl,2553.39,no
acct_0117,64,month-to-month,no,113.57,fiber,7268.48,no
acct_0118,64,one_year,no,104.91,fiber,6714.24,no
acct_0119,72,one_year,yes,24.4,none,1756.8,no
acct_0120,31,month-to-month,yes,24.12,none,747.72,no
acct_0121,65,month-to-month,yes,58.35,dsl,3792.75,no
acct_0122,10,one_year,no,73.12,none,731.2,no
acct_0123,2,month-to-month,no,38.12,dsl,76.24,no
acct_0124,45,one_year,no,110.49,none,4972.05,no
acct_0125,30,month-to-month,no,67.57,dsl,2027.1,no
acct_0126,9,month-to-month,no,64.38,none,579.42,yes
acct_0127,16,month-to-month,yes,62.99,fiber,1007.84,no
acct_0128,39,month-to-month,yes,103.21,dsl,4025.19,no
acct_0129,45,month-to-month,no,24.18,none,1088.1,no
acct_0130,69,month-to-month,yes,101.72,fiber,7018.68,no
acct_0131,16,month-to-month,yes,18.58,dsl,297.28,yes
acct_0132,28,two_year,no,119.84,fiber,3355.52,no
acct_0133,24,month-to-month,yes,77.53,dsl,1860.72,no
acct_0134,20,month-to-month,no,48.5,none,970.0,no
acct_0135,51,one_year,yes,36.76,none,1874.76,no
acct_0136,23,two_year,no,96.43,fiber,2217.89,no
acct_0137,55,two_year,no,18.05,none,992.75,no
acct_0138,22,month-to-month,yes,68.82,none,1514.04,no
acct_0139,70,month-to-month,no,47.29,none,3310.3,no
acct_0140,45,one_year,no,24.54,none,1104.3,no
acct_0141,54,month-to-month,no,18.67,none,1008.18,no
acct_0142,55,month-to-month,no,62.76,dsl,3451.8,no
acct_0143,63,month-to-month,yes,62.89,dsl,3962.07,no
acct_0144,54,month-to-month,no,90.51,fiber,4887.54,no
acct_0145,46,one_year,no,25.5,fiber,1173.0,no
acct_0146,50,month-to-month,no,18.34,dsl,917.0,yes
acct_0147,19,two_year,no,34.31,none,651.89,no
acct_0148,52,two_year,no,115.72,none,6017.44,no
acct_0149,40,two_year,yes,115.66,dsl,4626.4,no
acct_0150,45,one_year,yes,47.0,fiber,2115.0,no
acct_0151,72,one_year,yes,101.07,dsl,7277.04,no
acct_0152,43,month-to-month,no,99.8,dsl,4291.4,no
acct_0153,70,one_year,yes,62.65,dsl,4385.5,no
acct_0154,29,one_year,no,32.36,dsl,938.44,no
acct_0155,5,month-to-month,yes,101.62,none,508.1,no
acct_0156,15,month-to-month,yes,27.7,fiber,415.5,no
acct_0157,58,month-to-month,yes,57.46,dsl,3332.68,no
acct_0158,18,two_year,yes,67.08,none,1207.44,no
acct_0159,61,two_year,yes,104.99,fiber,6404.39,no
acct_0160,5,month-to-month,no,35.87,none,179.35,yes
acct_0161,70,month-to-month,yes,103.65,dsl,7255.5,no
acct_0162,54,two_year,no,91.33,fiber,4931.82,no
acct_0163,4,month-to-month,no,72.46,none,289.84,yes
acct_0164,46,month-to-month,yes,29.98,fiber,1379.08,no
acct_0165,51,one_year,no,56.41,dsl,2876.91,no
acct_0166,67,one_year,yes,38.06,none,2550.02,no
acct_0167,63,month-to-month,no,83.38,none,5252.94,no
acct_0168,15,two_year,no,98.1,dsl,1471.5,no
acct_0169,33,month-to-month,yes,100.85,fiber,3328.05,no
acct_0170,62,two_year,no,51.22,fiber,3175.64,no
acct_0171,65,month-to-month,yes,34.8,fiber,2262.0,no
acct_0172,56,one_year,no,116.3,fiber,6512.8,no
acct_0173,61,one_year,yes,114.74,dsl,6999.14,no
acct_0174,62,two_year,no,34.36,fiber,2130.32,no
acct_0175,4,month-to-month,no,46.87,none,187.48,yes
acct_0176,52,month-to-month,yes,45.23,none,2351.96,no
acct_0177,54,two_year,yes,25.81,fiber,1393.74,no
acct_0178,62,month-to-month,yes,56.05,none,3475.1,no
acct_0179,37,one_year,yes,64.53,fiber,2387.61,no
acct_0180,4,two_year,no,63.46,none,253.84,no
acct_0181,40,month-to-month,no,38.39,fiber,1535.6,no
acct_0182,35,month-to-month,no,32.56,none,1139.6,yes
acct_0183,67,month-to-month,yes,50.99,none,3416.33,no
acct_0184,29,month-to-month,no,77.12,fiber,2236.48,yes
acct_0185,24,two_year,yes,79.68,fiber,1912.32,no
acct_0186,39,one_year,no,109.48,fiber,4269.72,no
acct_0187,21,one_year,no,103.19,dsl,2166.99,no
acct_0188,63,month-to-month,no,21.04,fiber,1325.52,no
acct_0189,55,month-to-month,no,42.1,dsl,2315.5,no
acct_0190,3,month-to-month,yes,32.25,fiber,96.75,no
acct_0191,57,two_year,yes,67.36,dsl,3839.52,yes
acct_0192,20,month-to-month,yes,39.58,dsl,791.6,yes
acct_0193,17,one_year,no,97.35,dsl,1654.95,no
acct_0194,72,month-to-month,no,24.52,fiber,1765.44,no
acct_0195,5,month-to-month,yes,41.38,fiber,206.9,no
acct_0196,22,month-to-month,no,76.88,dsl,1691.36,yes
acct_0197,68,two_year,yes,52.21,none,3550.28,no
acct_0198,25,month-to-month,no,105.58,fiber,2639.5,yes
acct_0199,71,one_year,yes,29.97,fiber,2127.87,no
acct_0200,52,two_year,no,47.05,dsl,2446.6,no
acct_0201,26,month-to-month,yes,22.22,none,577.72,no
acct_0202,54,two_year,yes,23.76,dsl,1283.04,no
acct_0203,53,month-to-month,no,78.99,none,4186.47,no
acct_0204,49,two_year,no,109.47,none,5364.03,no
acct_0205,36,one_year,yes,82.59,dsl,2973.24,no
acct_0206,6,month-to-month,yes,89.6,dsl,537.6,no
acct_0207,17,month-to-month,yes,47.26,dsl,803.42,no
acct_0208,32,month-to-month,yes,61.14,dsl,1956.48,no
acct_0209,34,one_year,no,69.19,dsl,2352.46,no
acct_0210,67,two_year,no,97.99,dsl,6565.33,no
acct_0211,27,month-to-month,yes,43.96,fiber,1186.92,no
acct_0212,71,one_year,no,80.84,none,5739.64,no
acct_0213,72,month-to-month,no,61.06,dsl,4396.32,no
acct_0214,49,two_year,no,82.31,fiber,4033.19,no
acct_0215,16,month-to-month,yes,67.37,none,1077.92,yes
acct_0216,57,month-to-month,yes,100.93,fiber,5753.01,no
acct_0217,16,one_year,no,112.92,none,1806.72,no
acct_0218,71,one_year,no,22.08,fiber,1567.68,yes
acct_0219,60,month-to-month,no,22.51,none,1350.6,no
acct_0220,31,one_year,yes,44.42,fiber,1377.02,no
acct_0221,63,two_year,yes,82.86,none,5220.18,no
acct_0222,15,month-to-month,yes,44.17,fiber,662.55,yes
acct_0223,15,one_year,yes,51.29,fiber,769.35,no
acct_0224,50,month-to-month,no,99.91,fiber,4995.5,no
acct_0225,58,one_year,yes,43.34,dsl,2513.72,no
acct_0226,68,two_year,no,114.67,dsl,7797.56,no
acct_0227,62,month-to-month,yes,41.6,dsl,2579.2,no
acct_0228,61,one_year,no,68.98,none,4207.78,no
acct_0229,4,one_year,no,82.9,none,331.6,no
acct_0230,10,month-to-month,no,100.83,fiber,1008.3,yes
acct_0231,1,month-to-month,yes,101.97,dsl,101.97,no
acct_0232,35,month-to-month,yes,22.8,dsl,798.0,no
acct_0233,18,two_year,yes,65.32,dsl,1175.76,no
acct_0234,16,one_year,no,40.31,fiber,644.96,no
acct_0235,28,month-to-month,yes,47.27,fiber,1323.56,no
acct_0236,11,one_year,yes,72.6,fiber,798.6,no
acct_0237,64,month-to-month,yes,76.81,fiber,4915.84,no
acct_0238,7,two_year,no,49.76,dsl,348.32,no
acct_0239,66,two_year,yes,94.24,none,6219.84,no
acct_0240,50,month-to-month,yes,80.02,dsl,4001.0,no
acct_0241,56,one_year,no,85.06,none,4763.36,no
acct_0242,65,one_year,yes,56.87,fiber,3696.55,no
acct_0243,57,one_year,yes,93.74,dsl,5343.18,no
acct_0244,55,month-to-month,no,21.08,none,1159.4,no
acct_0245,58,two_year,yes,95.74,dsl,5552.92,no
acct_0246,31,month-to-month,yes,76.5,dsl,2371.5,no
acct_0247,48,month-to-month,yes,89.64,dsl,4302.72,no
acct_0248,25,month-to-month,yes,106.03,fiber,2650.75,no
acct_0249,41,two_year,yes,90.3,none,3702.3,no
acct_0250,22,month-to-month,yes,40.8,fiber,897.6,no
acct_0251,2,two_year,yes,96.58,dsl,193.16,no
acct_0252,71,month-to-month,yes,25.59,dsl,1816.89,no
acct_0253,34,two_year,yes,40.1,dsl,1363.4,no
acct_0254,7,two_year,yes,100.94,fiber,706.58,no
acct_0255,70,month-to-month,yes,101.03,fiber,7072.1,no
acct_0256,65,one_year,no,104.5,dsl,6792.5,no
acct_0257,53,two_year,yes,73.12,dsl,3875.36,no
acct_0258,48,month-to-month,yes,52.04,dsl,2497.92,no
acct_0259,50,month-to-month,no,44.21,none,2210.5,no
acct_0260,58,month-to-month,no,117.88,dsl,6837.04,no
acct_0261,10,one_year,yes,34.16,fiber,341.6,no
acct_0262,55,month-to-month,yes,85.2,none,4686.0,no
acct_0263,15,month-to-month,yes,33.67,none,505.05,no
acct_0264,2,month-to-month,yes,45.97,dsl,91.94,no
acct_0265,9,month-to-month,yes,18.18,dsl,163.62,no
acct_0266,52,month-to-month,no,48.88,none,2541.76,no
acct_0267,11,two_year,no,107.98,none,1187.78,no
acct_0268,34,two_year,yes,21.73,fiber,738.82,no
acct_0269,36,month-to-month,yes,65.39,dsl,2354.04,no
acct_0270,60,two_year,yes,96.97,none,5818.2,no
acct_0271,15,two_year,yes,108.32,fiber,1624.8,no
acct_0272,58,month-to-month,no,48.31,none,2801.98,no
acct_0273,16,month-to-month,yes,95.23,dsl,1523.68,no
acct_0274,44,one_year,no,50.26,none,2211.44,no
acct_0275,26,one_year,yes,37.41,fiber,972.66,no
acct_0276,54,month-to-month,no,114.81,fiber,6199.74,no
acct_0277,66,month-to-month,yes,67.53,fiber,4456.98,no
acct_0278,17,month-to-month,no,42.12,fiber,716.04,yes
acct_0279,42,month-to-month,no,70.95,fiber,2979.9,no
acct_0280,38,one_year,no,44.34,dsl,1684.92,no
acct_0281,71,two_year,no,77.14,fiber,5476.94,no
acct_0282,52,two_year,yes,65.7,fiber,3416.4,no
acct_0283,51,two_year,no,113.31,fiber,5778.81,no
acct_0284,72,month-to-month,yes,93.23,dsl,6712.56,no
acct_0285,61,one_year,no,114.51,fiber,6985.11,no
acct_0286,37,month-to-month,no,53.47,dsl,1978.39,no
acct_0287,25,one_year,yes,36.98,none,924.5,no
acct_0288,38,month-to-month,no,115.95,dsl,4406.1,no
acct_0289,66,two_year,no,113.13,none,7466.58,yes
acct_0290,1,two_year,no,31.21,fiber,31.21,no
acct_0291,49,two_year,yes,71.36,dsl,3496.64,no
acct_0292,59,month-to-month,no,67.13,dsl,3960.67,no
acct_0293,29,month-to-month,no,18.88,none,547.52,yes
acct_0294,26,two_year,yes,108.11,none,2810.86,no
acct_0295,33,month-to-month,no,43.82,dsl,1446.06,yes
acct_0296,37,two_year,no,33.41,none,1236.17,no
acct_0297,29,one_year,yes,74.23,dsl,2152.67,no
acct_0298,20,two_year,yes,111.12,fiber,2222.4,no
acct_0299,63,month-to-month,yes,57.79,fiber,3640.77,no
acct_0300,42,month-to-month,no,111.53,fiber,4684.26,no
acct_0301,72,month-to-month,no,29.9,fiber,2152.8,no
acct_0302,11,one_year,no,97.38,fiber,1071.18,no
acct_0303,66,two_year,no,67.43,none,4450.38,no
acct_0304,34,month-to-month,no,60.75,none,2065.5,no
acct_0305,8,two_year,yes,89.14,none,713.12,no
acct_0306,40,month-to-month,no,75.82,none,3032.8,no
acct_0307,21,month-to-month,yes,22.11,fiber,464.31,no
acct_0308,36,two_year,yes,30.29,dsl,1090.44,no
acct_0309,41,one_year,no,44.92,dsl,1841.72,no
acct_0310,66,month-to-month,no,41.91,fiber,2766.06,no
acct_0311,6,one_year,no,90.58,dsl,543.48,no
acct_0312,69,month-to-month,yes,114.51,fiber,7901.19,no
acct_0313,43,month-to-month,yes,45.81,fiber,1969.83,no
acct_0314,72,month-to-month,yes,54.73,fiber,3940.56,no
acct_0315,42,two_year,yes,69.46,none,2917.32,no
acct_0316,30,month-to-month,no,115.56,fiber,3466.8,no
acct_0317,27,month-to-month,yes,104.15,fiber,2812.05,no
acct_0318,52,two_year,yes,88.04,none,4578.08,no
acct_0319,25,month-to-month,yes,39.39,dsl,984.75,no
acct_0320,4,one_year,yes,73.29,fiber,293.16,no
acct_0321,60,two_year,no,76.1,dsl,4566.0,no
acct_0322,12,two_year,yes,22.64,none,271.68,no
acct_0323,20,month-to-month,no,67.75,dsl,1355.0,yes
acct_0324,42,month-to-month,no,51.17,dsl,2149.14,no
acct_0325,15,one_year,yes,99.43,none,1491.45,no
acct_0326,30,month-to-month,yes,43.45,dsl,1303.5,no
acct_0327,32,month-to-month,no,73.74,none,2359.68,yes
acct_0328,31,two_year,yes,115.42,dsl,3578.02,no
acct_0329,29,month-to-month,yes,69.29,none,2009.41,no
acct_0330,67,month-to-month,yes,49.99,none,3349.33,no
acct_0331,46,month-to-month,no,34.19,fiber,1572.74,yes
acct_0332,71,two_year,yes,117.36,none,8332.56,no
acct_0333,39,one_year,yes,26.76,fiber,1043.64,no
acct_0334,3,two_year,yes,89.1,fiber,267.3,no
acct_0335,19,two_year,yes,92.94,fiber,1765.86,no
acct_0336,14,month-to-month,no,111.77,none,1564.78,yes
acct_0337,53,month-to-month,no,27.64,fiber,1464.92,no
acct_0338,62,month-to-month,yes,89.83,dsl,5569.46,no
acct_0339,36,two_year,yes,70.48,fiber,2537.28,no
acct_0340,13,month-to-month,no,38.34,none,498.42,yes
acct_0341,1,month-to-month,yes,94.66,dsl,94.66,no
acct_0342,69,month-to-month,no,54.68,dsl,3772.92,no
acct_0343,54,two_year,yes,51.6,none,2786.4,no
acct_0344,14,two_year,yes,79.81,none,1117.34,no
acct_0345,51,two_year,no,24.02,none,1225.02,no
acct_0346,14,two_year,yes,106.4,fiber,1489.6,no
acct_0347,64,one_year,no,23.64,none,1512.96,no
acct_0348,70,one_year,no,20.42,fiber,1429.4,no
acct_0349,63,month-to-month,yes,76.49,dsl,4818.87,no
acct_0350,60,month-to-month,yes,102.03,dsl,6121.8,no
acct_0351,59,one_year,no,29.66,dsl,1749.94,no
acct_0352,16,month-to-month,no,28.86,none,461.76,yes
acct_0353,24,two_year,yes,43.05,none,1033.2,no
acct_0354,57,month-to-month,yes,63.78,dsl,3635.46,no
acct_0355,2,two_year,no,78.32,dsl,156.64,no
acct_0356,8,month-to-month,no,86.01,dsl,688.08,yes
acct_0357,37,month-to-month,yes,27.02,dsl,999.74,no
acct_0358,19,two_year,yes,54.11,none,1028.09,no
acct_0359,60,two_year,yes,77.28,fiber,4636.8,no
acct_0360,71,month-to-month,yes,55.02,none,3906.42,no
acct_0361,16,one_year,yes,113.26,fiber,1812.16,no
acct_0362,14,month-to-month,yes,91.72,none,1284.08,no
acct_0363,10,month-to-month,yes,119.43,dsl,1194.3,no
acct_0364,2,month-to-month,no,29.88,dsl,59.76,yes
acct_0365,28,two_year,no,75.3,dsl,2108.4,no
acct_0366,12,one_year,yes,71.19,fiber,854.28,no
acct_0367,33,two_year,yes,73.5,none,2425.5,no
acct_0368,47,month-to-month,no,58.16,fiber,2733.52,no
acct_0369,1,month-to-month,yes,89.82,none,89.82,yes
acct_0370,63,one_year,no,114.4,none,7207.2,no
acct_0371,53,month-to-month,yes,84.35,none,4470.55,no
acct_0372,53,one_year,no,88.64,fiber,4697.92,no
acct_0373,47,month-to-month,no,75.7,none,3557.9,no
acct_0374,45,month-to-month,yes,104.82,none,4716.9,no
acct_0375,21,two_year,yes,118.1,fiber,2480.1,no
acct_0376,29,one_year,yes,106.74,dsl,3095.46,no
acct_0377,45,month-to-month,no,58.02,fiber,2610.9,no
acct_0378,28,two_year,no,83.3,dsl,2332.4,no
acct_0379,38,month-to-month,no,116.99,dsl,4445.62,no
acct_0380,13,month-to-month,no,110.62,none,1438.06,yes
acct_0381,59,one_year,no,102.92,none,6072.28,no
acct_0382,12,month-to-month,yes,80.07,fiber,960.84,no
acct_0383,11,two_year,no,28.94,none,318.34,no
acct_0384,15,month-to-month,yes,29.66,none,444.9,no
acct_0385,71,month-to-month,yes,110.08,dsl,7815.68,no
acct_0386,7,month-to-month,yes,69.67,fiber,487.69,no
acct_0387,23,month-to-month,no,93.39,dsl,2147.97,yes
acct_0388,51,month-to-month,no,42.62,fiber,2173.62,no
acct_0389,63,two_year,yes,19.25,dsl,1212.75,no
acct_0390,67,month-to-month,yes,72.06,fiber,4828.02,no
acct_0391,16,month-to-month,yes,80.24,fiber,1283.84,no
acct_0392,53,two_year,yes,29.94,fiber,1586.82,no
acct_0393,64,month-to-month,no,95.13,dsl,6088.32,no
acct_0394,26,month-to-month,no,27.82,fiber,723.32,yes
acct_0395,6,month-to-month,no,107.17,fiber,643.02,no
acct_0396,70,two_year,yes,20.32,dsl,1422.4,no
acct_0397,61,one_year,no,83.52,dsl,5094.72,no
acct_0398,49,month-to-month,yes,111.51,dsl,5463.99,no
acct_0399,67,two_year,no,55.09,fiber,3691.03,no
acct_0400,47,month-to-month,no,98.15,dsl,4613.05,no
acct_0401,44,one_year,no,66.34,fiber,2918.96,no
acct_0402,40,month-to-month,no,115.63,fiber,4625.2,yes
acct_0403,48,one_year,yes,40.56,none,1946.88,no
acct_0404,16,month-to-month,no,93.66,fiber,1498.56,yes
acct_0405,60,month-to-month,no,110.64,dsl,6638.4,no
acct_0406,14,month-to-month,no,72.07,none,1008.98,yes
acct_0407,26,month-to-month,yes,67.25,fiber,1748.5,no
acct_0408,18,one_year,yes,35.44,dsl,637.92,no
acct_0409,61,one_year,no,79.0,dsl,4819.0,no
acct_0410,11,month-to-month,yes,99.2,none,1091.2,no
acct_0411,31,month-to-month,yes,30.25,dsl,937.75,no
acct_0412,22,month-to-month,yes,65.83,none,1448.26,yes
acct_0413,66,month-to-month,yes,106.16,dsl,7006.56,no
acct_0414,63,two_year,no,52.26,fiber,3292.38,no
acct_0415,55,month-to-month,yes,101.4,dsl,5577.0,no
acct_0416,44,month-to-month,yes,99.13,dsl,4361.72,no
acct_0417,46,month-to-month,no,109.69,dsl,5045.74,no
acct_0418,34,month-to-month,no,46.61,dsl,1584.74,yes
acct_0419,42,month-to-month,no,108.1,dsl,4540.2,no
acct_0420,8,month-to-month,no,53.54,none,428.32,yes
acct_0421,23,two_year,yes,96.19,none,2212.37,no
acct_0422,3,one_year,yes,47.58,none,142.74,no
acct_0423,43,one_year,no,52.05,dsl,2238.15,no
acct_0424,57,month-to-month,no,119.33,dsl,6801.81,no
acct_0425,58,month-to-month,no,71.42,none,4142.36,no
acct_0426,63,two_year,no,37.43,dsl,2358.09,no
acct_0427,43,month-to-month,no,117.5,dsl,5052.5,no
acct_0428,46,one_year,yes,85.83,fiber,3948.18,no
acct_0429,39,one_year,no,65.47,dsl,2553.33,no
acct_0430,56,month-to-month,no,24.28,dsl,1359.68,no
acct_0431,50,two_year,no,74.36,none,3718.0,no
acct_0432,69,month-to-month,yes,49.79,dsl,3435.51,no
acct_0433,56,one_year,no,44.07,dsl,2467.92,no
acct_0434,71,month-to-month,yes,102.74,fiber,7294.54,no
acct_0435,70,month-to-month,yes,73.3,dsl,5131.0,no
acct_0436,57,one_year,no,62.62,fiber,3569.34,no
acct_0437,12,month-to-month,yes,35.58,dsl,426.96,no
acct_0438,71,two_year,no,102.58,none,7283.18,no
acct_0439,54,month-to-month,no,114.59,fiber,6187.86,no
acct_0440,53,month-to-month,no,78.9,none,4181.7,no
acct_0441,55,month-to-month,no,57.09,none,3139.95,no
acct_0442,2,month-to-month,yes,91.65,none,183.3,no
acct_0443,43,month-to-month,no,119.94,fiber,5157.42,no
acct_0444,29,month-to-month,yes,28.3,none,820.7,no
acct_0445,30,month-to-month,yes,91.53,dsl,2745.9,no
acct_0446,4,month-to-month,yes,73.85,none,295.4,no
acct_0447,63,two_year,no,94.36,none,5944.68,no
acct_0448,67,month-to-month,no,89.7,fiber,6009.9,no
acct_0449,52,two_year,no,103.04,fiber,5358.08,no
acct_0450,55,month-to-month,yes,28.94,fiber,1591.7,no
acct_0451,53,month-to-month,no,103.4,none,5480.2,no
acct_0452,1,two_year,no,100.69,dsl,100.69,no
acct_0453,26,two_year,no,61.07,fiber,1587.82,no
acct_0454,2,one_year,yes,93.76,none,187.52,no
acct_0455,40,month-to-month,no,33.96,none,1358.4,no
acct_0456,39,two_year,yes,80.19,none,3127.41,no
acct_0457,60,month-to-month,no,34.18,fiber,2050.8,no
acct_0458,28,month-to-month,no,91.42,fiber,2559.76,yes
acct_0459,65,month-to-month,yes,110.73,fiber,7197.45,no
acct_0460,11,two_year,no,33.82,none,372.02,no
acct_0461,41,month-to-month,no,20.99,none,860.59,no
acct_0462,12,month-to-month,yes,40.45,fiber,485.4,no
acct_0463,52,two_year,no,51.53,fiber,2679.56,no
acct_0464,62,two_year,yes,33.94,none,2104.28,no
acct_0465,60,month-to-month,no,95.7,none,5742.0,no
acct_0466,57,month-to-month,no,89.56,dsl,5104.92,no
acct_0467,34,month-to-month,no,25.47,none,865.98,yes
acct_0468,58,month-to-month,yes,75.56,fiber,4382.48,no
acct_0469,48,two_year,yes,29.5,none,1416.0,no
acct_0470,51,two_year,no,67.8,none,3457.8,no
acct_0471,4,month-to-month,no,65.17,none,260.68,yes
acct_0472,27,month-to-month,yes,37.31,none,1007.37,no
acct_0473,2,month-to-month,yes,98.74,dsl,197.48,no
acct_0474,17,month-to-month,yes,99.14,fiber,1685.38,no
acct_0475,36,month-to-month,yes,98.75,fiber,3555.0,no
acct_0476,62,month-to-month,yes,62.86,none,3897.32,no
acct_0477,26,month-to-month,no,41.59,dsl,1081.34,yes
acct_0478,21,month-to-month,yes,60.61,none,1272.81,no
acct_0479,56,one_year,no,27.65,dsl,1548.4,no
acct_0480,12,one_year,no,69.05,none,828.6,no
acct_0481,51,one_year,no,92.13,none,4698.63,no
acct_0482,57,month-to-month,yes,55.53,none,3165.21,no
acct_0483,16,one_year,yes,43.5,dsl,696.0,no
acct_0484,65,month-to-month,no,106.5,dsl,6922.5,no
acct_0485,65,month-to-month,yes,97.27,none,6322.55,no
acct_0486,39,one_year,yes,78.77,fiber,3072.03,no
acct_0487,47,one_year,yes,94.38,none,4435.86,no
acct_0488,38,one_year,no,83.3,none,3165.4,no
acct_0489,38,month-to-month,no,104.17,fiber,3958.46,no
acct_0490,70,month-to-month,yes,51.45,none,3601.5,no
acct_0491,25,one_year,yes,28.05,fiber,701.25,no
acct_0492,11,month-to-month,no,104.61,fiber,1150.71,yes
acct_0493,26,month-to-month,yes,55.44,dsl,1441.44,no
acct_0494,2,month-to-month,no,59.2,fiber,118.4,yes
acct_0495,51,one_year,yes,31.23,none,1592.73,no
acct_0496,64,two_year,yes,76.0,fiber,4864.0,no
acct_0497,46,two_year,yes,92.15,dsl,4238.9,no
acct_0498,69,month-to-month,no,63.85,fiber,4405.65,no
acct_0499,41,two_year,no,116.36,fiber,4770.76,no
acct_0500,55,month-to-month,yes,54.86,fiber,3017.3,no
acct_0501,49,two_year,yes,114.54,dsl,5612.46,yes
acct_0502,4,one_year,yes,88.33,none,353.32,no
acct_0503,58,two_year,yes,51.0,fiber,2958.0,no
acct_0504,51,month-to-month,no,113.27,fiber,5776.77,no
acct_0505,43,one_year,no,62.32,fiber,2679.76,no
acct_0506,49,two_year,yes,28.23,dsl,1383.27,no
acct_0507,24,month-to-month,yes,85.96,fiber,2063.04,no
acct_0508,20,one_year,no,88.65,fiber,1773.0,no
acct_0509,20,month-to-month,no,108.59,none,2171.8,no
acct_0510,13,month-to-month,no,111.83,fiber,1453.79,yes
acct_0511,25,one_year,no,50.09,dsl,1252.25,no
acct_0512,58,one_year,no,61.06,dsl,3541.48,no
acct_0513,69,one_year,yes,54.53,none,3762.57,no
acct_0514,11,month-to-month,no,59.32,dsl,652.52,no
acct_0515,32,month-to-month,yes,54.48,dsl,1743.36,no
acct_0516,69,month-to-month,yes,117.78,fiber,8126.82,no
acct_0517,56,one_year,yes,80.46,dsl,4505.76,no
acct_0518,7,month-to-month,yes,103.68,none,725.76,no
acct_0519,72,month-to-month,no,108.27,fiber,7795.44,no
acct_0520,44,two_year,no,112.83,dsl,4964.52,no
acct_0521,9,two_year,no,114.1,dsl,1026.9,no
acct_0522,31,month-to-month,yes,108.82,fiber,3373.42,no
acct_0523,64,one_year,no,92.8,none,5939.2,no
acct_0524,18,month-to-month,yes,60.07,fiber,1081.26,yes
acct_0525,72,one_year,no,111.52,fiber,8029.44,no
acct_0526,48,two_year,yes,44.28,none,2125.44,no
acct_0527,72,month-to-month,yes,26.45,dsl,1904.4,no
acct_0528,26,two_year,no,112.12,fiber,2915.12,no
acct_0529,42,month-to-month,no,100.5,fiber,4221.0,no
acct_0530,11,month-to-month,no,113.4,dsl,1247.4,yes
acct_0531,34,two_year,yes,102.55,dsl,3486.7,no
acct_0532,24,month-to-month,no,57.36,fiber,1376.64,yes
acct_0533,72,month-to-month,no,111.78,fiber,8048.16,no
acct_0534,7,two_year,no,53.39,fiber,373.73,no
acct_0535,72,month-to-month,yes,69.86,none,5029.92,no
acct_0536,3,two_year,no,111.2,none,333.6,no
acct_0537,70,one_year,no,83.74,fiber,5861.8,no
acct_0538,56,month-to-month,no,93.14,none,5215.84,no
acct_0539,53,one_year,yes,79.97,fiber,4238.41,no
acct_0540,55,two_year,no,32.84,none,1806.2,no
acct_0541,66,one_year,no,112.19,none,7404.54,yes
acct_0542,47,month-to-month,yes,43.65,fiber,2051.55,no
acct_0543,67,one_year,no,18.08,dsl,1211.36,no
acct_0544,53,two_year,yes,116.94,fiber,6197.82,no
acct_0545,52,one_year,yes,63.48,fiber,3300.96,no
acct_0546,15,month-to-month,no,103.4,dsl,1551.0,yes
acct_0547,8,month-to-month,no,108.46,dsl,867.68,yes
acct_0548,50,month-to-month,yes,34.09,fiber,1704.5,no
acct_0549,8,one_year,yes,18.78,fiber,150.24,no
acct_0550,11,month-to-month,yes,102.11,dsl,1123.21,no
acct_0551,64,two_year,no,59.66,none,3818.24,no
acct_0552,63,month-to-month,yes,116.62,fiber,7347.06,no
acct_0553,53,month-to-month,yes,106.34,none,5636.02,no
acct_0554,17,month-to-month,yes,37.46,fiber,636.82,no
acct_0555,15,one_year,yes,23.25,dsl,348.75,no
acct_0556,1,month-to-month,yes,75.41,dsl,75.41,no
acct_0557,40,month-to-month,no,103.43,dsl,4137.2,no
acct_0558,59,month-to-month,yes,32.54,dsl,1919.86,no
acct_0559,26,month-to-month,yes,32.28,fiber,839.28,no
acct_0560,23,two_year,no,98.7,dsl,2270.1,no
acct_0561,62,month-to-month,yes,82.05,fiber,5087.1,no
acct_0562,10,two_year,yes,39.14,fiber,391.4,no
acct_0563,5,two_year,no,94.28,none,471.4,no
acct_0564,5,two_year,yes,107.87,fiber,539.35,no
acct_0565,19,one_year,yes,72.31,fiber,1373.89,no
acct_0566,10,one_year,no,31.63,dsl,316.3,no
acct_0567,18,two_year,yes,107.14,dsl,1928.52,no
acct_0568,3,month-to-month,yes,33.37,dsl,100.11,no
acct_0569,15,month-to-month,no,108.19,fiber,1622.85,yes
acct_0570,9,month-to-month,no,95.87,none,862.83,no
acct_0571,19,month-to-month,no,46.62,dsl,885.78,yes
acct_0572,32,two_year,no,40.89,none,1308.48,no
acct_0573,48,two_year,no,71.89,fiber,3450.72,no
acct_0574,41,month-to-month,no,61.8,dsl,2533.8,no
acct_0575,63,month-to-month,no,63.18,dsl,3980.34,no
acct_0576,21,month-to-month,yes,42.03,fiber,882.63,no
acct_0577,35,one_year,no,78.8,fiber,2758.0,no
acct_0578,42,one_year,no,93.72,dsl,3936.24,no
acct_0579,71,one_year,no,98.51,fiber,6994.21,no
acct_0580,38,month-to-month,no,112.95,none,4292.1,no
acct_0581,72,two_year,no,65.48,dsl,4714.56,no
acct_0582,23,month-to-month,yes,68.17,fiber,1567.91,no
acct_0583,48,month-to-month,yes,82.68,dsl,3968.64,no
acct_0584,34,month-to-month,yes,112.89,fiber,3838.26,yes
acct_0585,33,month-to-month,yes,73.8,none,2435.4,yes
acct_0586,63,month-to-month,no,54.21,fiber,3415.23,no
acct_0587,52,two_year,no,106.83,dsl,5555.16,no
acct_0588,36,month-to-month,yes,40.06,dsl,1442.16,no
acct_0589,29,two_year,yes,111.13,fiber,3222.77,no
acct_0590,66,one_year,no,100.04,dsl,6602.64,no
acct_0591,6,month-to-month,no,91.9,dsl,551.4,yes
acct_0592,58,month-to-month,no,103.76,none,6018.08,no
acct_0593,11,month-to-month,yes,28.81,dsl,316.91,no
acct_0594,64,one_year,no,24.9,fiber,1593.6,no
acct_0595,36,two_year,yes,20.56,dsl,740.16,no
acct_0596,31,month-to-month,no,66.86,none,2072.66,yes
acct_0597,2,one_year,no,28.75,fiber,57.5,no
acct_0598,58,two_year,no,59.12,dsl,3428.96,no
acct_0599,32,month-to-month,yes,62.24,none,1991.68,no
acct_0600,23,one_year,no,28.94,none,665.62,no
acct_0601,3,month-to-month,no,113.84,dsl,341.52,yes
acct_0602,9,month-to-month,no,89.46,fiber,805.14,yes
acct_0603,62,one_year,yes,71.11,fiber,4408.82,no
acct_0604,8,one_year,yes,44.89,none,359.12,no
acct_0605,67,month-to-month,yes,116.75,none,7822.25,no
acct_0606,31,two_year,yes,102.13,fiber,3166.03,no
acct_0607,61,month-to-month,yes,60.63,fiber,3698.43,no
acct_0608,4,two_year,no,61.13,dsl,244.52,no
acct_0609,68,two_year,yes,107.39,fiber,7302.52,no
acct_0610,8,month-to-month,yes,53.57,dsl,428.56,no
acct_0611,41,month-to-month,yes,46.54,dsl,1908.14,no
acct_0612,24,one_year,yes,106.8,none,2563.2,no
acct_0613,14,month-to-month,yes,27.86,dsl,390.04,yes
acct_0614,70,one_year,yes,119.79,dsl,8385.3,no
acct_0615,68,month-to-month,no,97.45,none,6626.6,no
acct_0616,9,month-to-month,yes,59.62,none,536.58,no
acct_0617,17,month-to-month,no,62.82,none,1067.94,yes
acct_0618,39,month-to-month,yes,27.8,fiber,1084.2,no
acct_0619,26,month-to-month,no,42.83,fiber,1113.58,yes
acct_0620,8,one_year,yes,43.09,dsl,344.72,no
acct_0621,8,month-to-month,no,71.81,fiber,574.48,yes
acct_0622,68,one_year,no,47.25,none,3213.0,no
acct_0623,19,month-to-month,no,84.17,fiber,1599.23,yes
acct_0624,72,month-to-month,no,62.25,fiber,4482.0,no
acct_0625,4,month-to-month,yes,102.96,fiber,411.84,no
acct_0626,65,two_year,yes,86.41,none,5616.65,no
acct_0627,14,two_year,no,18.39,fiber,257.46,no
acct_0628,5,two_year,no,113.75,none,568.75,no
acct_0629,31,one_year,no,99.04,none,3070.24,no
acct_0630,70,two_year,no,59.7,dsl,4179.0,no
acct_0631,6,one_year,no,63.95,fiber,383.7,no
acct_0632,1,one_year,yes,43.04,dsl,43.04,no
acct_0633,45,month-to-month,no,68.39,dsl,3077.55,no
acct_0634,14,month-to-month,yes,104.04,fiber,1456.56,no
acct_0635,68,one_year,no,107.56,dsl,7314.08,no
acct_0636,50,one_year,yes,82.98,fiber,4149.0,no
acct_0637,6,month-to-month,yes,60.2,fiber,361.2,no
acct_0638,32,two_year,yes,59.84,dsl,1914.88,no
acct_0639,26,month-to-month,yes,58.05,fiber,1509.3,no
acct_0640,18,month-to-month,no,54.02,dsl,972.36,no
acct_0641,1,month-to-month,yes,77.35,dsl,77.35,no
acct_0642,50,month-to-month,no,21.28,dsl,1064.0,no
acct_0643,54,month-to-month,yes,109.39,fiber,5907.06,no
acct_0644,19,month-to-month,yes,79.9,fiber,1518.1,no
acct_0645,1,month-to-month,no,36.48,fiber,36.48,no
acct_0646,65,month-to-month,yes,106.43,dsl,6917.95,no
acct_0647,34,one_year,no,78.3,none,2662.2,no
acct_0648,38,month-to-month,yes,31.64,dsl,1202.32,no
acct_0649,9,one_year,no,42.42,dsl,381.78,no
acct_0650,7,one_year,no,68.0,dsl,476.0,no
acct_0651,24,one_year,no,81.41,fiber,1953.84,no
acct_0652,1,two_year,no,93.56,dsl,93.56,no
acct_0653,28,two_year,yes,39.11,fiber,1095.08,no
acct_0654,16,month-to-month,yes,58.96,none,943.36,no
acct_0655,16,month-to-month,yes,84.72,fiber,1355.52,no
acct_0656,9,one_year,yes,32.14,fiber,289.26,no
acct_0657,13,month-to-month,yes,79.24,dsl,1030.12,no
acct_0658,61,month-to-month,yes,54.68,fiber,3335.48,no
acct_0659,19,month-to-month,yes,95.2,dsl,1808.8,no
acct_0660,69,one_year,no,80.89,dsl,5581.41,no
acct_0661,49,month-to-month,no,113.53,dsl,5562.97,no
acct_0662,12,one_year,yes,109.45,dsl,1313.4,no
acct_0663,57,one_year,yes,106.22,none,6054.54,no
acct_0664,29,month-to-month,yes,107.96,dsl,3130.84,no
acct_0665,69,month-to-month,no,45.89,dsl,3166.41,no
acct_0666,17,month-to-month,no,99.9,none,1698.3,yes
acct_0667,26,month-to-month,no,105.79,dsl,2750.54,yes
acct_0668,21,two_year,no,94.76,none,1989.96,no
acct_0669,34,month-to-month,yes,54.96,fiber,1868.64,no
acct_0670,17,month-to-month,yes,85.28,none,1449.76,no
acct_0671,24,one_year,yes,116.38,none,2793.12,no
acct_0672,36,two_year,yes,38.94,dsl,1401.84,no
acct_0673,44,one_year,yes,46.34,none,2038.96,no
acct_0674,63,two_year,yes,63.64,fiber,4009.32,no
acct_0675,11,two_year,yes,65.78,dsl,723.58,no
acct_0676,48,month-to-month,no,103.1,none,4948.8,no
acct_0677,27,month-to-month,yes,104.22,fiber,2813.94,no
acct_0678,69,one_year,no,88.17,dsl,6083.73,no
acct_0679,4,two_year,yes,65.97,fiber,263.88,no
acct_0680,24,month-to-month,yes,92.19,dsl,2212.56,no
acct_0681,1,month-to-month,no,114.15,dsl,114.15,yes
acct_0682,53,two_year,yes,46.82,none,2481.46,no
acct_0683,44,two_year,no,97.64,dsl,4296.16,no
acct_0684,9,month-to-month,no,44.46,none,400.14,no
acct_0685,33,two_year,yes,62.67,fiber,2068.11,no
acct_0686,57,two_year,no,92.02,none,5245.14,no
acct_0687,37,month-to-month,no,97.97,none,3624.89,no
acct_0688,47,month-to-month,yes,63.56,none,2987.32,no
acct_0689,1,one_year,no,84.63,none,84.63,no
acct_0690,69,month-to-month,yes,99.98,dsl,6898.62,yes
acct_0691,5,one_year,no,30.56,dsl,152.8,no
acct_0692,18,month-to-month,no,23.39,dsl,421.02,yes
acct_0693,8,two_year,yes,79.24,fiber,633.92,no
acct_0694,1,month-to-month,yes,102.98,fiber,102.98,no
acct_0695,32,one_year,yes,79.96,fiber,2558.72,no
acct_0696,41,one_year,no,116.46,none,4774.86,no
acct_0697,35,two_year,no,86.75,dsl,3036.25,no
acct_0698,39,one_year,yes,72.0,dsl,2808.0,no
acct_0699,61,one_year,yes,103.07,none,6287.27,no
acct_0700,59,month-to-month,no,72.91,fiber,4301.69,no
acct_0701,28,two_year,yes,23.95,none,670.6,no
acct_0702,22,month-to-month,no,41.8,fiber,919.6,no
acct_0703,12,month-to-month,no,64.26,dsl,771.12,yes
acct_0704,25,one_year,no,92.8,dsl,2320.0,no
acct_0705,7,one_year,no,53.67,dsl,375.69,no
acct_0706,5,month-to-month,no,80.8,dsl,404.0,no
acct_0707,27,month-to-month,yes,62.4,dsl,1684.8,no
acct_0708,6,month-to-month,no,51.62,none,309.72,yes
acct_0709,29,two_year,no,80.79,dsl,2342.91,no
acct_0710,1,month-to-month,no,65.6,none,65.6,yes
acct_0711,9,month-to-month,yes,64.25,dsl,578.25,no
acct_0712,41,two_year,yes,119.41,none,4895.81,no
acct_0713,55,month-to-month,no,42.03,none,2311.65,no
acct_0714,24,two_year,no,110.93,fiber,2662.32,no
acct_0715,13,one_year,yes,43.12,none,560.56,no
acct_0716,1,two_year,yes,83.86,fiber,83.86,no
acct_0717,2,month-to-month,no,86.3,none,172.6,yes
acct_0718,71,two_year,yes,105.05,none,7458.55,no
acct_0719,2,month-to-month,no,38.63,none,77.26,yes
acct_0720,64,month-to-month,no,92.63,fiber,5928.32,no
acct_0721,40,one_year,yes,20.28,fiber,811.2,no
acct_0722,58,month-to-month,no,53.24,fiber,3087.92,no
acct_0723,50,one_year,yes,109.5,fiber,5475.0,no
acct_0724,56,two_year,yes,45.38,none,2541.28,no
acct_0725,69,two_year,yes,90.03,fiber,6212.07,no
acct_0726,17,month-to-month,yes,105.34,fiber,1790.78,no
acct_0727,55,two_year,yes,49.7,none,2733.5,no
acct_0728,49,month-to-month,no,66.7,fiber,3268.3,no
acct_0729,39,two_year,yes,26.52,dsl,1034.28,no
acct_0730,61,one_year,yes,107.82,none,6577.02,no
acct_0731,69,two_year,yes,78.74,none,5433.06,no
acct_0732,60,month-to-month,yes,69.5,dsl,4170.0,no
acct_0733,4,two_year,no,117.73,none,470.92,no
acct_0734,3,month-to-month,no,20.35,none,61.05,no
acct_0735,8,month-to-month,yes,114.58,fiber,916.64,no
acct_0736,19,two_year,yes,35.74,fiber,679.06,no
acct_0737,47,month-to-month,yes,58.11,dsl,2731.17,no
acct_0738,26,one_year,yes,46.24,none,1202.24,no
acct_0739,57,month-to-month,yes,38.47,none,2192.79,no
acct_0740,27,one_year,yes,72.77,none,1964.79,no
acct_0741,11,two_year,yes,78.27,fiber,860.97,no
acct_0742,21,month-to-month,yes,54.33,fiber,1140.93,no
acct_0743,6,month-to-month,yes,59.59,fiber,357.54,no
acct_0744,53,one_year,yes,114.92,dsl,6090.76,no
acct_0745,2,month-to-month,no,112.36,none,224.72,yes
acct_0746,45,one_year,yes,76.33,none,3434.85,no
acct_0747,21,one_year,yes,79.93,none,1678.53,no
acct_0748,48,two_year,yes,84.1,fiber,4036.8,no
acct_0749,37,month-to-month,yes,69.73,dsl,2580.01,no
acct_0750,52,two_year,yes,58.4,dsl,3036.8,no
acct_0751,1,one_year,no,75.99,fiber,75.99,no
acct_0752,26,one_year,no,51.78,none,1346.28,no
acct_0753,33,month-to-month,no,79.31,dsl,2617.23,yes
acct_0754,40,one_year,no,62.55,dsl,2502.0,no
acct_0755,15,two_year,yes,61.01,dsl,915.15,no
acct_0756,8,month-to-month,no,106.26,fiber,850.08,yes
acct_0757,7,month-to-month,no,84.78,dsl,593.46,no
acct_0758,21,month-to-month,no,98.43,none,2067.03,yes
acct_0759,25,month-to-month,yes,50.54,none,1263.5,yes
acct_0760,15,month-to-month,no,51.07,fiber,766.05,yes
acct_0761,60,month-to-month,no,25.01,none,1500.6,no
acct_0762,7,one_year,yes,105.07,none,735.49,no
acct_0763,51,two_year,yes,25.79,fiber,1315.29,no
acct_0764,46,month-to-month,yes,54.99,none,2529.54,no
acct_0765,8,month-to-month,no,18.21,fiber,145.68,yes
acct_0766,5,two_year,no,74.8,dsl,374.0,no
acct_0767,66,two_year,yes,91.84,none,6061.44,no
acct_0768,30,month-to-month,yes,88.22,dsl,2646.6,no
acct_0769,11,one_year,no,54.35,none,597.85,no
acct_0770,3,month-to-month,yes,51.89,none,155.67,no
acct_0771,10,month-to-month,yes,93.29,dsl,932.9,no
acct_0772,16,two_year,no,49.05,fiber,784.8,no
acct_0773,28,month-to-month,no,25.35,none,709.8,yes
acct_0774,35,one_year,yes,63.18,dsl,2211.3,no
acct_0775,53,month-to-month,no,62.68,none,3322.04,no
acct_0776,30,two_year,no,98.98,dsl,2969.4,no
acct_0777,36,one_year,no,60.09,none,2163.24,no
acct_0778,67,month-to-month,no,78.3,fiber,5246.1,no
acct_0779,5,one_year,yes,47.96,none,239.8,no
acct_0780,29,month-to-month,yes,23.64,dsl,685.56,yes
acct_0781,55,two_year,no,106.08,dsl,5834.4,no
acct_0782,63,month-to-month,no,55.7,none,3509.1,no
acct_0783,26,month-to-month,no,81.8,fiber,2126.8,no
acct_0784,27,one_year,no,31.52,none,851.04,no
acct_0785,14,month-to-month,yes,51.74,fiber,724.36,no
acct_0786,59,one_year,yes,94.72,none,5588.48,no
acct_0787,21,month-to-month,no,119.99,none,2519.79,yes
acct_0788,70,month-to-month,no,52.27,none,3658.9,no
acct_0789,44,month-to-month,yes,59.5,dsl,2618.0,no
acct_0790,57,month-to-month,no,68.37,fiber,3897.09,no
acct_0791,21,one_year,no,118.13,none,2480.73,no
acct_0792,49,two_year,yes,80.5,dsl,3944.5,no
acct_0793,43,month-to-month,yes,76.88,none,3305.84,no
acct_0794,22,one_year,no,111.93,none,2462.46,no
acct_0795,48,month-to-month,no,31.43,none,1508.64,no
acct_0796,30,month-to-month,yes,117.65,dsl,3529.5,no
acct_0797,28,month-to-month,no,57.5,dsl,1610.0,yes
acct_0798,67,two_year,no,57.62,dsl,3860.54,no
acct_0799,39,month-to-month,yes,56.47,fiber,2202.33,no
